"division","semana","fecha","tipo_personal","n_trabajador_promedio_faena","casos_vigentes_minsal_acumulados","casos_vigentes_codelco_acumulados","total_casos_nuevos_confirmados_sint","total_casos_nuevos_confirmados_asint","total_pcr_realizadas","total_pcr_positivas","total_anticuerpo_realizadas","total_anticuerpo_positivas","total_antigeno_realizadas","total_antigeno_positivas","total_antigeno_pcr_positivas","n_contagio_laboral","total_casos_nuevos"
"CM","29",2020-07-13,"Propios","537","0","0","0","0","0","0","0","0","0","0","0","0",0
"CM","29",2020-07-13,"Contratistas","193","1","1","0","0","0","0","0","0","0","0","0","0",0
"CM","29",2020-07-14,"Propios","537","0","0","0","0","0","0","0","0","0","0","0","0",0
"CM","29",2020-07-14,"Contratistas","193","1","1","0","0","0","0","0","0","0","0","0","0",0
"CM","29",2020-07-15,"Propios","537","0","0","0","0","0","0","0","0","0","0","0","0",0
"CM","29",2020-07-15,"Contratistas","193","1","1","0","0","0","0","0","0","0","0","0","0",0
"CM","29",2020-07-16,"Propios","537","0","0","0","0","0","0","0","0","0","0","0","0",0
"CM","29",2020-07-16,"Contratistas","193","1","1","0","0","0","0","0","0","0","0","0","0",0
"CM","29",2020-07-17,"Propios","537","0","0","0","0","0","0","0","0","0","0","0","0",0
"CM","29",2020-07-17,"Contratistas","193","1","3","0","0","0","0","0","0","0","0","0","0",0
"CM","29",2020-07-18,"Propios","537","0","0","0","0","0","0","0","0","0","0","0","0",0
"CM","29",2020-07-18,"Contratistas","193","1","3","0","0","0","0","0","0","0","0","0","0",0
"CM","29",2020-07-19,"Propios","537","0","0","0","0","0","0","0","0","0","0","0","0",0
"CM","29",2020-07-19,"Contratistas","193","1","3","0","0","0","0","0","0","0","0","0","0",0
"DCH","29",2020-07-13,"Propios",NA,"450","575","2","4","47","6","0","0","39","5","0",NA,6
"DCH","29",2020-07-13,"Contratistas",NA,"96","141","1","0","3","1","0","0","22","2","0",NA,1
"DCH","29",2020-07-14,"Propios",NA,"452","578","1","3","119","4","0","0","25","2","0",NA,4
"DCH","29",2020-07-14,"Contratistas",NA,"96","147","0","0","8","0","0","0","27","0","0",NA,0
"DCH","29",2020-07-15,"Propios",NA,"453","585","0","7","75","7","0","0","8","0","0",NA,7
"DCH","29",2020-07-15,"Contratistas",NA,"97","153","0","0","4","0","31","6","184","16","0",NA,0
"DCH","29",2020-07-16,"Propios",NA,"458","593","2","7","99","9","0","0","0","0","0",NA,9
"DCH","29",2020-07-16,"Contratistas",NA,"98","153","1","0","5","1","27","0","48","0","0",NA,1
"DCH","29",2020-07-17,"Propios",NA,"469","597","0","4","50","4","0","0","18","0","0",NA,4
"DCH","29",2020-07-17,"Contratistas",NA,"98","153","0","0","2","0","28","5","99","3","0",NA,0
"DCH","29",2020-07-18,"Propios",NA,"516","603","1","4","59","5","0","0","102","20","1",NA,5
"DCH","29",2020-07-18,"Contratistas",NA,"99","155","2","0","4","2","29","0","18","1","0",NA,2
"DCH","29",2020-07-19,"Propios",NA,"523","603","1","0","94","1","0","0","77","4","0",NA,1
"DCH","29",2020-07-19,"Contratistas",NA,"99","155","0","0","4","0","38","2","0","0","0",NA,0
"DET","29",2020-07-13,"Propios","1640","130","208","1","0","1","1","0","0","188","1","1","4",1
"DET","29",2020-07-13,"Contratistas","4616","71","122","5","0",NA,"5","22","3","214","1","1",NA,5
"DET","29",2020-07-14,"Propios","1671","121","192","3","1","5","4","0","0","197","4","2","8",4
"DET","29",2020-07-14,"Contratistas","4743","72","186","4","1",NA,"5","16","9","242","7","1",NA,5
"DET","29",2020-07-15,"Propios","1744","110","178","6","0","7","6","0","0","143","0","0","0",6
"DET","29",2020-07-15,"Contratistas","4767","74","115","6","1",NA,"7","0","0","229","10","7",NA,7
"DET","29",2020-07-16,"Propios","1235","101","165","2","0",NA,"2","0","0","113","2","2","0",2
"DET","29",2020-07-16,"Contratistas","3268","70","109","1","0",NA,"1","0","0","85","1","0",NA,1
"DET","29",2020-07-17,"Propios","1688","91","148","1","2",NA,"3","0","0","228","2","0","0",3
"DET","29",2020-07-17,"Contratistas","4550","70","105","5","1",NA,"6","89","6","131","4","0",NA,6
"DET","29",2020-07-18,"Propios","1178","89","141","2","1","4","3","0","0","215","2","1","0",3
"DET","29",2020-07-18,"Contratistas","2856","72","104","1","4",NA,"5","0","0","109","1","0",NA,5
"DET","29",2020-07-19,"Propios","1190","88","139","4","1","9","5","0","0","206","1","0","0",5
"DET","29",2020-07-19,"Contratistas","2475","67","99","0","1",NA,"1","0","0","76","2","0",NA,1
"DGM","29",2020-07-13,"Propios","145","6","0","2","0","1","2","49","4","0","0","0","0",2
"DGM","29",2020-07-13,"Contratistas","760","37","0","2","3","9","5","29","5","70","2","1","0",5
"DGM","29",2020-07-14,"Propios","145","5","0","0","0","0","0","46","4","0","0","0","0",0
"DGM","29",2020-07-14,"Contratistas","760","32","6","1","0","12","1","9","0","63","0","0","0",1
"DGM","29",2020-07-15,"Propios","145","4","5","0","0","0","0","82","5","0","0","0","0",0
"DGM","29",2020-07-15,"Contratistas","760","29","20","3","3","15","6","11","1","56","0","0","0",6
"DGM","29",2020-07-16,"Propios","145","4","0","1","0","0","1","34","3","0","0","0","0",1
"DGM","29",2020-07-16,"Contratistas","760","23","11","0","0","10","0","3","0","49","0","0","0",0
"DGM","29",2020-07-17,"Propios","117","3","2","0","0","1","0","14","0","0","0","0","0",0
"DGM","29",2020-07-17,"Contratistas","670","20","2","0","0","7","0","65","22","53","0","0","0",0
"DGM","29",2020-07-18,"Propios","117","3","0","0","0","0","0","0","0","0","0","0","0",0
"DGM","29",2020-07-18,"Contratistas","670","20","5","2","0","2","2","67","16","50","0","0","0",2
"DGM","29",2020-07-19,"Propios","117","3","0","0","0","0","0","2","0","0","0","0","0",0
"DGM","29",2020-07-19,"Contratistas","670","17","0","0","0","3","0","65","8","63","1","0","0",0
"DMH","29",2020-07-13,"Propios","668","3","17","0","0","0","0","62","11","82","4","0","0",0
"DMH","29",2020-07-13,"Contratistas","2520","24","95","1","4","5","5","17","4","60","2","1","0",5
"DMH","29",2020-07-14,"Propios","668","3","17","0","0","0","0","6","0","50","0","0","0",0
"DMH","29",2020-07-14,"Contratistas","2520","26","96","2","3","9","4","19","11","67","1","0","0",5
"DMH","29",2020-07-15,"Propios","668","3","17","0","0","0","0","2","0","10","1","0","0",0
"DMH","29",2020-07-15,"Contratistas","2520","29","96","2","2","4","3","24","8","53","4","0","0",4
"DMH","29",2020-07-16,"Propios","668","2","17","0","0","0","0","0","0","0","0","0","0",0
"DMH","29",2020-07-16,"Contratistas","2520","21","95","0","0","5","2","23","12","33","0","0","0",0
"DMH","29",2020-07-17,"Propios","668","1","18","0","1","1","1","12","1","1","0","1","0",1
"DMH","29",2020-07-17,"Contratistas","2520","23","98","3","2","11","6","4","2","37","4","3","1",5
"DMH","29",2020-07-18,"Propios","668","2","18","0","0","0","0","28","0","29","0","0","0",0
"DMH","29",2020-07-18,"Contratistas","2520","24","100","1","3","6","0","3","1","19","1","3","1",4
"DMH","29",2020-07-19,"Propios","668","2","18","0","0","0","0","29","6","74","1","0","0",0
"DMH","29",2020-07-19,"Contratistas","2520","24","103","1","3","2","1","1","0","14","0","1","2",4
"DRT","29",2020-07-13,"Propios","1218","12","43","1","0",NA,NA,"7","0","0","0","0","0",1
"DRT","29",2020-07-13,"Contratistas","4710","14","75","2","1",NA,NA,"3","0","0","0","0","0",3
"DRT","29",2020-07-14,"Propios","1218","8","44","1","0","3","1","7","0","0","0","0","0",1
"DRT","29",2020-07-14,"Contratistas","4710","16","58","7","0","70","7","12","0","0","0","0","0",7
"DRT","29",2020-07-15,"Propios","1218","9","43","3","0","5","3","7","0","0","0","0","0",3
"DRT","29",2020-07-15,"Contratistas","4710","14","94","3","1","8","4","6","2","0","0","0","0",4
"DRT","29",2020-07-16,"Propios","1218","8","41","1","0","1","0","11","0","0","0","0","0",1
"DRT","29",2020-07-16,"Contratistas","4710","10","52","0","0","10","1","6","0","0","0","0","0",0
"DRT","29",2020-07-17,"Propios","1218","7","38","1","0","3","1","7","2","0","0","0","0",1
"DRT","29",2020-07-17,"Contratistas","4710","8","51","2","1","10","3","12","4","0","0","0","0",3
"DRT","29",2020-07-18,"Propios","1218","8","37","2","0","6","2","8","2","0","0","0","0",2
"DRT","29",2020-07-18,"Contratistas","4710","10","52","4","1","6","5","0","0","0","0","0","0",5
"DRT","29",2020-07-19,"Propios","1218","10","33","0","0","1","0","9","3","0","0","0","0",0
"DRT","29",2020-07-19,"Contratistas","4710","11","46","1","1","5","2","1","0","0","0","0","0",2
"DVEN","29",2020-07-13,"Propios","852","11","6","0","0","1","0","15","0","11","0","0","0",0
"DVEN","29",2020-07-13,"Contratistas","1085","3","15","1","0","1","1","127","0","5","0","0","0",1
"DVEN","29",2020-07-14,"Propios","852","12","7","1","0","1","1","40","0","16","0","0","0",1
"DVEN","29",2020-07-14,"Contratistas","1085","3","15","0","0","0","0","95","0","22","2","2","0",0
"DVEN","29",2020-07-15,"Propios","852","12","7","1","0","1","1","41","0","2","0","0","0",1
"DVEN","29",2020-07-15,"Contratistas","1085","3","15","0","0","0","0","78","0","1","0","0","0",0
"DVEN","29",2020-07-16,"Propios","852","12","8","1","0","2","1","1","0","0","0","0","0",1
"DVEN","29",2020-07-16,"Contratistas","1085","3","15","0","0","1","0","1","0","1","0","0","0",0
"DVEN","29",2020-07-17,"Propios","852","9","9","1","0","0","0","21","0","10","0","0","0",1
"DVEN","29",2020-07-17,"Contratistas","1085","3","15","0","0","1","0","60","0","5","0","0","0",0
"DVEN","29",2020-07-18,"Propios","852","9","9","0","0","0","0","0","0","0","0","0","0",0
"DVEN","29",2020-07-18,"Contratistas","1085","3","15","0","0","0","0","0","0","0","0","0","0",0
"DVEN","29",2020-07-19,"Propios","852","9","9","0","0","0","0","0","0","1","0","0","0",0
"DVEN","29",2020-07-19,"Contratistas","1085","3","15","0","0","0","0","0","0","0","0","0","0",0
"VP","29",2020-07-13,"Propios","857","5","10","0","0",NA,NA,"0",NA,"0",NA,NA,NA,0
"VP","29",2020-07-13,"Contratistas","3200","102","236","2","3",NA,"5","0",NA,"0",NA,NA,NA,5
"VP","29",2020-07-14,"Propios","857","5","9","0","0",NA,NA,NA,NA,NA,NA,NA,NA,0
"VP","29",2020-07-14,"Contratistas","3200","96","200","2","1",NA,"3","19","0","0","0",NA,NA,3
"VP","29",2020-07-15,"Propios","857","5","9","0","0",NA,NA,"0","0","26","0",NA,NA,0
"VP","29",2020-07-15,"Contratistas","3200","96","208","7","3",NA,"10","1","1","720","5",NA,NA,10
"VP","29",2020-07-16,"Propios","857","5","9","0","0",NA,NA,"0","0","0","0",NA,NA,0
"VP","29",2020-07-16,"Contratistas","3200","91","207","1","1",NA,"2","2","0","0","0",NA,NA,2
"VP","29",2020-07-17,"Propios","857","5","9","0","0",NA,NA,"0","0","94","0",NA,NA,0
"VP","29",2020-07-17,"Contratistas","3200","90","204","5","1",NA,"6","0","0","12","1",NA,NA,6
"VP","29",2020-07-18,"Propios","857","5","9","0","0",NA,NA,NA,NA,NA,NA,NA,NA,0
"VP","29",2020-07-18,"Contratistas","3200","81","203","0","5",NA,"5","0","0","0","0",NA,NA,5
"VP","29",2020-07-19,"Propios","857","5","9","0","0",NA,NA,NA,NA,"4","0",NA,NA,0
"VP","29",2020-07-19,"Contratistas","3200","70","206","0","4",NA,"4","0","0","49","0",NA,NA,4
"CM","30",2020-07-20,"Propios","537","0","0","0","0","0","0","0","0","0","0","0","0",0
"CM","30",2020-07-20,"Contratistas","193","0","3","0","0","0","0","0","0","0","0","0","0",0
"CM","30",2020-07-21,"Propios","537","0","0","0","0","0","0","0","0","0","0","0","0",0
"CM","30",2020-07-21,"Contratistas","193","0","3","0","0","0","0","0","0","0","0","0","0",0
"CM","30",2020-07-22,"Propios","537","0","0","0","0","0","0","0","0","0","0","0","0",0
"CM","30",2020-07-22,"Contratistas","193","0","2","0","0","0","0","0","0","0","0","0","0",0
"CM","30",2020-07-23,"Propios","537","0","0","0","0","0","0","0","0","0","0","0","0",0
"CM","30",2020-07-23,"Contratistas","193","0","2","0","0","0","0","0","0","0","0","0","0",0
"CM","30",2020-07-24,"Propios","537","0","0","0","0","0","0","0","0","0","0","0","0",0
"CM","30",2020-07-24,"Contratistas","193","0","2","0","0","0","0","0","0","0","0","0","0",0
"CM","30",2020-07-25,"Propios","537","0","0","0","0","0","0","0","0","0","0","0","0",0
"CM","30",2020-07-25,"Contratistas","193","0","2","0","0","0","0","0","0","0","0","0","0",0
"CM","30",2020-07-26,"Propios","537","0","0","0","0","0","0","0","0","0","0","0","0",0
"CM","30",2020-07-26,"Contratistas","193","0","2","0","0","0","0","0","0","0","0","0","0",0
"DAND","30",2020-07-20,"Propios","1450","10","13","0","0","0","0","1","0","53","0","0","0",0
"DAND","30",2020-07-20,"Contratistas","4500","19","35","0","0","0","0","4","0","77","0","0","0",0
"DAND","30",2020-07-21,"Propios","1450","5","10","0","0","1","0","4","0","202","1","0","0",0
"DAND","30",2020-07-21,"Contratistas","4500","32","41","7","1","2","0","35","1","46","0","0","7",8
"DAND","30",2020-07-22,"Propios","1450","4","9","0","0","0","0","0","0","11","0","0","0",0
"DAND","30",2020-07-22,"Contratistas","4500","32","40","0","1","2","0","4","0","80","0","0","0",1
"DAND","30",2020-07-23,"Propios","1450","5","10","1","0","1","0","6","1","202","0","0","0",1
"DAND","30",2020-07-23,"Contratistas","4500","32","40","0","0","1","1","68","0","32","0","0","0",0
"DAND","30",2020-07-24,"Propios","1450","5","10","0","0","2","0","0","0","18","0","0","0",0
"DAND","30",2020-07-24,"Contratistas","4500","32","39","0","0","0","0","0","0","100","0","0","0",0
"DAND","30",2020-07-25,"Propios","1450","5","10","0","0","1","0","3","0","158","1","0","0",0
"DAND","30",2020-07-25,"Contratistas","4500","34","41","1","1","0","0","1","0","61","0","0","0",2
"DAND","30",2020-07-26,"Propios","1450","2","10","0","0","1","0","1","0","84","0","0","0",0
"DAND","30",2020-07-26,"Contratistas","4500","21","40","0","0","1","0","0","0","71","0","0","0",0
"DCH","30",2020-07-20,"Propios",NA,"533","603","0","0","53","0","0","0","93","1","0",NA,0
"DCH","30",2020-07-20,"Contratistas",NA,"104","160","3","2","8","1","34","2","66","0","0",NA,5
"DCH","30",2020-07-21,"Propios",NA,"541","603","0","0","109","0","0","0","17","0","0",NA,0
"DCH","30",2020-07-21,"Contratistas",NA,"121","162","3","0","0","0","28","3","73","2","0",NA,3
"DCH","30",2020-07-22,"Propios",NA,"549","609","5","3","87","10","0","0","58","5","1",NA,8
"DCH","30",2020-07-22,"Contratistas",NA,"137","165","3","0","13","3","31","1","102","3","0",NA,3
"DCH","30",2020-07-23,"Propios",NA,"555","612","1","2","74","3","0","0","83","4","0",NA,3
"DCH","30",2020-07-23,"Contratistas",NA,"137","167","1","1","2","0","30","0","16","0","0",NA,2
"DCH","30",2020-07-24,"Propios",NA,"563","617","0","5","172","5","0","0","16","0","0",NA,5
"DCH","30",2020-07-24,"Contratistas",NA,"137","168","0","1","1","0","0","0","70","4","0",NA,1
"DCH","30",2020-07-25,"Propios",NA,"567","619","0","2","114","2","0","0","170","24","0",NA,2
"DCH","30",2020-07-25,"Contratistas",NA,"142","169","0","1","3","0","0","0","0","0","0",NA,1
"DCH","30",2020-07-26,"Propios",NA,"569","623","0","4","196","4","0","0","161","11","0",NA,4
"DCH","30",2020-07-26,"Contratistas",NA,"143","172","1","3","2","0","0","0","3","1","0",NA,4
"DET","30",2020-07-20,"Propios","1309","67","107","0","0","1","0","0","0","365","4","1","13",0
"DET","30",2020-07-20,"Contratistas","2520","53","87","7","1",NA,"8","67","27","109","1","0","0",8
"DET","30",2020-07-21,"Propios","1376","65","104","3","2","5","5","0","0","171","3","0","0",5
"DET","30",2020-07-21,"Contratistas","2906","59","83","5","2",NA,"7","75","5","225","0","5","0",7
"DET","30",2020-07-22,"Propios","1370","66","116","3","2","5","5","0","0","134","2","0","0",5
"DET","30",2020-07-22,"Contratistas","4874","65","90","3","7",NA,"10","0","0","179","8","0","0",10
"DET","30",2020-07-23,"Propios","1383","63","106","0","0","4","0","0","0","110","1","0","0",0
"DET","30",2020-07-23,"Contratistas","5044","64","87","0","2",NA,"2","0","0","94","2","0","0",2
"DET","30",2020-07-24,"Propios","1370","56","96","1","0","3","1","0","0","277","3","2","0",1
"DET","30",2020-07-24,"Contratistas","5034","67","89","0","6",NA,"6","0","0","12","2","2","0",6
"DET","30",2020-07-25,"Propios","956","52","92","0","0","5","0","0","0","175","0","0","0",0
"DET","30",2020-07-25,"Contratistas","4893","64","85","1","1",NA,"2","0","0","86","0","0",NA,2
"DET","30",2020-07-26,"Propios","877","51","91","0","1","1","1","0","0","324","1","0","0",1
"DET","30",2020-07-26,"Contratistas","4764","60","80","1","1",NA,"2","0","0","74","2","1",NA,2
"DGM","30",2020-07-20,"Propios","150","3","5","0","0","1","0","48","6","1","0","0","0",0
"DGM","30",2020-07-20,"Contratistas","1192","19","108","5","0","7","5","14","2","49","0","0","0",5
"DGM","30",2020-07-21,"Propios","148","4","6","1","1","0","1","63","6","0","0","0","0",2
"DGM","30",2020-07-21,"Contratistas","1219","17","105","1","1","7","3","19","3","53","0","0","0",2
"DGM","30",2020-07-22,"Propios","154","3","5","0","0","0","0","94","9","0","0","0","0",0
"DGM","30",2020-07-22,"Contratistas","1197","11","93","0","0","17","0","33","1","79","0","0","0",0
"DGM","30",2020-07-23,"Propios","140","3","5","0","0","3","0","31","4","0","0","0","0",0
"DGM","30",2020-07-23,"Contratistas","1091","10","85","1","2","5","3","1","0","64","0","0","0",3
"DGM","30",2020-07-24,"Propios","124","2","5","0","0","0","0","3","0","0","0","0","0",0
"DGM","30",2020-07-24,"Contratistas","903","12","85","1","2","1","3","45","4","83","0","0","0",3
"DGM","30",2020-07-25,"Propios","119","2","5","0","0","0","0","0","0","0","0","0","0",0
"DGM","30",2020-07-25,"Contratistas","909","11","82","0","0","2","0","52","6","75","0","0","0",0
"DGM","30",2020-07-26,"Propios","123","2","5","0","0","0","0","1","0","0","0","0","0",0
"DGM","30",2020-07-26,"Contratistas","899","9","82","0","0","1","0","48","4","59","0","0","0",0
"DMH","30",2020-07-20,"Propios","668","2","18","0","0","0","0","37","5","55","0","0","0",0
"DMH","30",2020-07-20,"Contratistas","2520","24","102","2","0","0","0","10","4","86","0","0","0",2
"DMH","30",2020-07-21,"Propios","668","2","18","1","0","0","0","1","1","4","0","0","0",1
"DMH","30",2020-07-21,"Contratistas","2520","23","99","1","0","0","0","17","15","94","94","0","0",1
"DMH","30",2020-07-22,"Propios","668","2","18","0","0","0","0","0","0","4","0","0","0",0
"DMH","30",2020-07-22,"Contratistas","2520","22","101","2","0","1","0","15","11","31","1","0","0",2
"DMH","30",2020-07-23,"Propios","668","2","12","0","0","0","0","10","0","0","0","0","0",0
"DMH","30",2020-07-23,"Contratistas","2520","22","85","2","0","1","0","12","6","45","1","0","0",2
"DMH","30",2020-07-24,"Propios","668","2","12","0","0","1","0","64","11","12","0","0","0",0
"DMH","30",2020-07-24,"Contratistas","2520","20","84","1","0","9","1","24","14","240","9","1","0",1
"DMH","30",2020-07-25,"Propios","668","2","8","0","0","0","0","34","4","70","0","0","0",0
"DMH","30",2020-07-25,"Contratistas","2520","17","83","0","0","4","1","12","10","159","4","1","0",0
"DMH","30",2020-07-26,"Propios","668","2","8","0","0","1","1","32","7","52","1","0","0",0
"DMH","30",2020-07-26,"Contratistas","2520","17","82","1","0","0","0","10","6","121","0","0","0",1
"DRT","30",2020-07-20,"Propios","1218","8","34","0","1","1","1","9","3","0","0","0","0",1
"DRT","30",2020-07-20,"Contratistas","4710","13","44","7","0","19","2","0","0","0","0","0","0",7
"DRT","30",2020-07-21,"Propios","1218","8","35","1","0","5","1","18","1","0","0","0","0",1
"DRT","30",2020-07-21,"Contratistas","4710","14","40","4","1","12","5","0","0","0","0","0","0",5
"DRT","30",2020-07-22,"Propios","1218","11","33","2","1","3","3","26","2","0","0","0","0",3
"DRT","30",2020-07-22,"Contratistas","4710","13","39","3","1","10","4","5","0","0","0","0","0",4
"DRT","30",2020-07-23,"Propios","1218","8","28","0","0","3","3","24","2","0","0","0","0",0
"DRT","30",2020-07-23,"Contratistas","4710","16","37","3","2","5","5","2","0","0","0","0","0",5
"DRT","30",2020-07-24,"Propios","1218","9","28","1","0","2","1","7","0","0","0","0","0",1
"DRT","30",2020-07-24,"Contratistas","4710","10","31","0","0","11","0","8","0","0","0","0","0",0
"DRT","30",2020-07-25,"Propios","1218","9","29","4","1","5","2","0","0","0","0","0","0",5
"DRT","30",2020-07-25,"Contratistas","4710","13","33","0","1","13","8","0","0","0","0","0","0",1
"DRT","30",2020-07-26,"Propios","1218","7","28","0","0","2","0","0","0","0","0","0","0",0
"DRT","30",2020-07-26,"Contratistas","4710","11","32","0","0","4","0","0","0","0","0","0","0",0
"DVEN","30",2020-07-20,"Propios","852","6","11","0","0","0","0","100","1","3","0","0","0",0
"DVEN","30",2020-07-20,"Contratistas","1085","3","13","0","0","0","0","40","0","3","0","0","0",0
"DVEN","30",2020-07-21,"Propios","852","6","12","1","0","1","1","60","0","13","1","1","2",1
"DVEN","30",2020-07-21,"Contratistas","1085","5","13","0","0","0","0","30","0","1","0","0","0",0
"DVEN","30",2020-07-22,"Propios","852","6","12","0","0","0","0","33","0","6","0","0","0",0
"DVEN","30",2020-07-22,"Contratistas","1085","5","13","0","0","0","0","120","0","1","0","0","0",0
"DVEN","30",2020-07-23,"Propios","852","4","12","0","0","0","0","75","0","0","0","0","0",0
"DVEN","30",2020-07-23,"Contratistas","1085","5","14","1","1","1","1","36","0","2","0","0","0",2
"DVEN","30",2020-07-24,"Propios","852","4","12","0","0","3","0","32","0","11","3","0","0",0
"DVEN","30",2020-07-24,"Contratistas","1085","6","14","0","0","0","0","78","0","2","0","0","0",0
"DVEN","30",2020-07-25,"Propios","852","4","12","0","0","8","0","78","0","42","8","0","0",0
"DVEN","30",2020-07-25,"Contratistas","1085","6","14","0","0","3","0","24","0","12","3","0","0",0
"DVEN","30",2020-07-26,"Propios","852","4","12","0","0","1","0","0","0","14","0","0","0",0
"DVEN","30",2020-07-26,"Contratistas","1085","6","14","0","0","0","0","0","0","4","0","0","0",0
"VP","30",2020-07-20,"Propios","12","5","7","0","0","0","0","0","0","0",NA,NA,"0",0
"VP","30",2020-07-20,"Contratistas","354","61","182","1","0","5","1","0","0","10","0",NA,"1",1
"VP","30",2020-07-21,"Propios","12","5","6","0","0","0","0","0","0",NA,NA,NA,"0",0
"VP","30",2020-07-21,"Contratistas","343","61","171","3","2","6","5","44","0","117","3","0","2",5
"VP","30",2020-07-22,"Propios","12","3","6","0","0","1","0","0","0","1","0",NA,"0",0
"VP","30",2020-07-22,"Contratistas","338","50","160","2","0","7","2","0","0","21","0",NA,"1",2
"VP","30",2020-07-23,"Propios","12","2","5","0","0","0","0","0","0","0","0",NA,"0",0
"VP","30",2020-07-23,"Contratistas","380","46","141","1","0","11","1","79","1","0","0",NA,"0",1
"VP","30",2020-07-24,"Propios","10","0","5","0","0","0","0","0","0","3",NA,NA,"0",0
"VP","30",2020-07-24,"Contratistas","348","35","136","1","1","13","2","0","0","103","1","pendiente","0",2
"VP","30",2020-07-25,"Propios","9","0","5","0","0","0","0","0","0","1","0",NA,NA,0
"VP","30",2020-07-25,"Contratistas","336","31","132","1","0","16","1","0","0","165","1","0","0",1
"VP","30",2020-07-26,"Propios","9","0","4","0","0","2","0","0","0","9","0",NA,"0",0
"VP","30",2020-07-26,"Contratistas","340","26","128","0","0","0","0","0","0","123","0",NA,"0",0
"CM","31",2020-07-27,"Propios","537","0","0","0","0","0","0","0","0","0","0","0","0",0
"CM","31",2020-07-27,"Contratistas","193","0","2","0","0","0","0","0","0","0","0","0","0",0
"CM","31",2020-07-28,"Propios","537","0","0","0","0","0","0","0","0","0","0","0","0",0
"CM","31",2020-07-28,"Contratistas","193","0","2","0","0","0","0","0","0","0","0","0","0",0
"CM","31",2020-07-29,"Propios","537","0","0","0","0","0","0","0","0","0","0","0","0",0
"CM","31",2020-07-29,"Contratistas","193","0","2","0","0","0","0","0","0","0","0","0","0",0
"CM","31",2020-07-30,"Propios","537","0","0","0","0","0","0","0","0","15","0","0","0",0
"CM","31",2020-07-30,"Contratistas","193","0","2","0","0","1","0","0","0","27","1","0","0",0
"CM","31",2020-07-31,"Propios","537","0","0","0","0","0","0","0","0","0","0","0","0",0
"CM","31",2020-07-31,"Contratistas","193","0","2","0","0","0","0","0","0","0","0","0","0",0
"CM","31",2020-08-01,"Propios","537","0","0","0","0","0","0","0","0","0","0","0","0",0
"CM","31",2020-08-01,"Contratistas","193","0","0","0","0","0","0","0","0","0","0","0","0",0
"CM","31",2020-08-02,"Propios","537","0","0","0","0","0","0","0","0","0","0","0","0",0
"CM","31",2020-08-02,"Contratistas","193","0","2","0","0","0","0","0","0","0","0","0","0",0
"DAND","31",2020-07-27,"Propios","1450","1","10","0","0","4","1","5","0","255","1","1","0",0
"DAND","31",2020-07-27,"Contratistas","4500","19","34","1","0","0","0","0","0","81","0","0","0",1
"DAND","31",2020-07-28,"Propios","1450","1","7","0","0","1","0","0","0","17","0","0","0",0
"DAND","31",2020-07-28,"Contratistas","4500","19","30","0","0","1","0","23","0","258","0","0","0",0
"DAND","31",2020-07-29,"Propios","1450","2","8","1","0","4","1","1","0","178","1","0","0",1
"DAND","31",2020-07-29,"Contratistas","4500","19","28","0","0","1","1","0","0","237","1","1","0",0
"DAND","31",2020-07-30,"Propios","1450","2","8","0","0","2","0","0","0","8","0","0","0",0
"DAND","31",2020-07-30,"Contratistas","4500","19","28","0","0","0","0","3","0","236","0","0","0",0
"DAND","31",2020-07-31,"Propios","1450","3","9","1","0","1","0","1","0","211","0","0","0",1
"DAND","31",2020-07-31,"Contratistas","4500","9","29","1","0","3","1","0","0","112","0","0","0",1
"DAND","31",2020-08-01,"Propios","1450","2","9","0","0","2","0","0","0","5","0","0","0",0
"DAND","31",2020-08-01,"Contratistas","4500","8","30","1","0","1","0","0","0","95","0","0","0",1
"DAND","31",2020-08-02,"Propios","1450","2","9","0","0","1","0","2","0","251","0","0","0",0
"DAND","31",2020-08-02,"Contratistas","4500","6","30","1","0","1","0","0","0","426","0","0","0",1
"DCH","31",2020-07-27,"Propios","1967","52","80","0","6","106","6","0","0","37","7","1",NA,6
"DCH","31",2020-07-27,"Contratistas","3202","20","76","0","1","5","0","0","0","49","0","0",NA,1
"DCH","31",2020-07-28,"Propios","2032","50","67","0","1","132","2","0","0","27","2","0",NA,1
"DCH","31",2020-07-28,"Contratistas","3128","18","74","4","1","1","0","0","0","201","1","0",NA,5
"DCH","31",2020-07-29,"Propios","1758","47","67","1","3","67","4","0","0","69","0","0",NA,4
"DCH","31",2020-07-29,"Contratistas","3183","11","68","0","1","1","0","0","0","128","1","0",NA,1
"DCH","31",2020-07-30,"Propios","1738","42","61","2","1","70","3","0","0","3","0","0",NA,3
"DCH","31",2020-07-30,"Contratistas","3128","15","73","6","0","5","4","0","0","223","0","0",NA,6
"DCH","31",2020-07-31,"Propios","1514","38","58","0","1","142","1","0","0","1","0","0",NA,1
"DCH","31",2020-07-31,"Contratistas","2718","16","70","0","1","5","0","0","0","262","2","1",NA,1
"DCH","31",2020-08-01,"Propios","1287","35","57","0","1","92","1","0","0","66","3","0",NA,1
"DCH","31",2020-08-01,"Contratistas","1631","13","72","2","1","6","2","0","0","34","2","0",NA,3
"DCH","31",2020-08-02,"Propios","1377","37","57","2","1","162","3","0","0","129","9","0",NA,3
"DCH","31",2020-08-02,"Contratistas","1589","13","71","0","0","5","0","0","0","0","0","0",NA,0
"DET","31",2020-07-27,"Propios","1748","47","86","0","0","3","0","0","0","394","0","0",NA,0
"DET","31",2020-07-27,"Contratistas","4875","54","73","0","0","10","0","28","0","163","1","1",NA,0
"DET","31",2020-07-28,"Propios","1683","44","82","0","0","6","0","0","0","216","1","1",NA,0
"DET","31",2020-07-28,"Contratistas","5001","56","74","3","1","8","4","28","2","272","0","0",NA,4
"DET","31",2020-07-29,"Propios","1617","46","83","2","1","17","3","0","0","175","0","0",NA,3
"DET","31",2020-07-29,"Contratistas","5078","57","75","2","1","11","3","38","6","249","0","0",NA,3
"DET","31",2020-07-30,"Propios","1637","45","79","0","0","12","0","0","0","167","1","1",NA,0
"DET","31",2020-07-30,"Contratistas","5114","55","73","1","0","31","1","10","1","135","0","0",NA,1
"DET","31",2020-07-31,"Propios","1604","41","74","0","0","44","0","0","0","212","0","0",NA,0
"DET","31",2020-07-31,"Contratistas","4880","54","71","0","0","55","0","55","8","140","1",NA,NA,0
"DET","31",2020-08-01,"Propios","1139","40","73","0","1","72","1","0","0","72","0","0",NA,1
"DET","31",2020-08-01,"Contratistas","2858","52","68","0","1","23","1","0","0","69","0","0",NA,1
"DET","31",2020-08-02,"Propios","1168","40","73","0","1","3","1","0","0","168","0","0",NA,1
"DET","31",2020-08-02,"Contratistas","2458","44","60","0","0","1","0","0","0","46","0","0",NA,0
"DGM","31",2020-07-27,"Propios","155","2","5","0","0","0","0","19","0","34","0","0","0",0
"DGM","31",2020-07-27,"Contratistas","1142","8","75","0","0","6","0","1","1","87","1","0","0",0
"DGM","31",2020-07-28,"Propios","165","1","5","0","0","0","0","77","6","4","0","0","0",0
"DGM","31",2020-07-28,"Contratistas","1151","9","67","0","2","4","2","10","0","75","0","0","0",2
"DGM","31",2020-07-29,"Propios","167","1","5","0","0","0","0","2","0","55","0","0","0",0
"DGM","31",2020-07-29,"Contratistas","1136","10","61","2","0","2","2","1","0","80","1","0","0",2
"DGM","31",2020-07-30,"Propios","156","1","5","0","0","0","0","0","0","49","0","0","0",0
"DGM","31",2020-07-30,"Contratistas","1105","11","53","2","2","2","4","11","1","77","0","0","0",4
"DGM","31",2020-07-31,"Propios","134","1","4","0","0","0","0","0","0","12","1","0","0",0
"DGM","31",2020-07-31,"Contratistas","1017","12","52","0","1","7","1","32","2","84","1","0","0",1
"DGM","31",2020-08-01,"Propios","128","1","4","0","1","1","1","1","0","3","0","1","0",1
"DGM","31",2020-08-01,"Contratistas","977","9","47","0","0","2","0","55","5","81","0","0","0",0
"DGM","31",2020-08-02,"Propios","124","1","4","0","0","0","0","0","0","0","0","0","0",0
"DGM","31",2020-08-02,"Contratistas","936","9","46","0","0","2","0","66","4","59","0","0","0",0
"DMH","31",2020-07-27,"Propios","668","3","9","1","0","1","1","0","0","23","0","1","0",1
"DMH","31",2020-07-27,"Contratistas","2520","17","83","1","0","2","1","10","8","76","2","1","0",1
"DMH","31",2020-07-28,"Propios","668","2","9","0","0","1","0","0","0","12","1","0","0",0
"DMH","31",2020-07-28,"Contratistas","2520","14","83","1","0","0","0","17","11","104","0","0","0",1
"DMH","31",2020-07-29,"Propios","668","2","9","0","0","0","0","20","1","3","0","0","0",0
"DMH","31",2020-07-29,"Contratistas","2520","14","81","0","1","0","0","10","7","76","0","0","0",1
"DMH","31",2020-07-30,"Propios","668","2","9","0","0","0","0","32","2","11","0","0","0",0
"DMH","31",2020-07-30,"Contratistas","2520","14","68","1","0","1","0","2","2","63","1","0","0",1
"DMH","31",2020-07-31,"Propios","668","2","9","0","0","1","0","31","2","82","1","0","0",0
"DMH","31",2020-07-31,"Contratistas","2520","8","67","0","0","1","0","5","2","51","1","0","0",0
"DMH","31",2020-08-01,"Propios","668","2","8","0","0","1","0","48","12","39","1","0","0",0
"DMH","31",2020-08-01,"Contratistas","2520","9","62","3","0","0","0","5","3","31","0","0","0",3
"DMH","31",2020-08-02,"Propios","668","1","8","0","0","1","0","28","3","12","1","0","0",0
"DMH","31",2020-08-02,"Contratistas","2520","9","61","0","0","0","0","2","1","34","0","0","0",0
"DRT","31",2020-07-27,"Propios","1218","7","26","1","0","2","1","0","0","0","0","0","0",1
"DRT","31",2020-07-27,"Contratistas","4710","13","36","6","0","21","6","0","0","0","0","0","0",6
"DRT","31",2020-07-28,"Propios","1218","7","25","0","0","1","0","9","0","4","0","0","0",0
"DRT","31",2020-07-28,"Contratistas","4710","15","34","4","0","6","4","3","0","2","0","0","0",4
"DRT","31",2020-07-29,"Propios","1218","6","21","0","0","0","0","98","0","10","2","0","0",0
"DRT","31",2020-07-29,"Contratistas","4710","13","33","1","0","2","1","1855","0","5","0","0","0",1
"DRT","31",2020-07-30,"Propios","1218","4","20","0","0","0","0","12","1","22","0","7","0",0
"DRT","31",2020-07-30,"Contratistas","4710","9","30","0","0","0","0","0","0","1","0","0","0",0
"DRT","31",2020-07-31,"Propios","1218","4","20","0","0","1","0","2","2","13","0","0","0",0
"DRT","31",2020-07-31,"Contratistas","4710","10","31","1","0","18","1","0","0","0","0","0","0",1
"DRT","31",2020-08-01,"Propios","1218","4","19","0","0","0","0","0","0","8","0","0","0",0
"DRT","31",2020-08-01,"Contratistas","4710","10","28","5","0","13","5","0","0","0","0","0","0",5
"DRT","31",2020-08-02,"Propios","1218","5","20","1","0","1","1","0","0","48","0","0","0",1
"DRT","31",2020-08-02,"Contratistas","4710","7","28","2","0","6","2","0","0","0","0","0","0",2
"DSAL","31",2020-07-27,"Propios",NA,"0","0","0","0","0","0","15","1","0","0",NA,NA,0
"DSAL","31",2020-07-27,"Contratistas",NA,"1","0","0","0","4","0","528","3","126","0",NA,NA,0
"DSAL","31",2020-07-28,"Propios",NA,"0","0","0","0","1","0","0","0","12","0",NA,NA,0
"DSAL","31",2020-07-28,"Contratistas",NA,NA,"0","0","0","1","0","87","1","19","0",NA,NA,0
"DSAL","31",2020-07-29,"Propios",NA,"0","0","0","0","1","0","0","0","9","0",NA,NA,0
"DSAL","31",2020-07-29,"Contratistas",NA,NA,"0","0","0","0","0","197","0","8","0",NA,NA,0
"DSAL","31",2020-07-30,"Propios",NA,"0","0","0","0","0","0","1","1","0","0",NA,NA,0
"DSAL","31",2020-07-30,"Contratistas",NA,NA,"0","0","0","1","0","120","14","18","3",NA,NA,0
"DSAL","31",2020-07-31,"Propios",NA,"0","0","0","0","0","0","0","0","0","0",NA,NA,0
"DSAL","31",2020-07-31,"Contratistas",NA,NA,"0","0","0","0","0","47","1","14","0",NA,NA,0
"DSAL","31",2020-08-01,"Propios",NA,"0","0","0","0","0","0","0","0","0","0",NA,NA,0
"DSAL","31",2020-08-01,"Contratistas",NA,NA,"0","0","0","0","0","173","0","2","0",NA,NA,0
"DSAL","31",2020-08-02,"Propios","1437","0","0","0","0","0","0","0","0","6","0",NA,NA,0
"DSAL","31",2020-08-02,"Contratistas",NA,"1","0","0","0","0","0","61","0","27","0",NA,NA,0
"DVEN","31",2020-07-27,"Propios","852","2","15","0","0","1","0","28","0","20","0","0","0",0
"DVEN","31",2020-07-27,"Contratistas","1085","3","11","0","0","0","0","140","1","15","0","0","0",0
"DVEN","31",2020-07-28,"Propios","852","2","15","0","0","0","0","6","0","0","0","0","0",0
"DVEN","31",2020-07-28,"Contratistas","1085","3","11","0","0","0","0","116","0","0","0","0","0",0
"DVEN","31",2020-07-29,"Propios","852","2","10","1","0","1","1","25","0","28","0","0","0",1
"DVEN","31",2020-07-29,"Contratistas","1085","2","9","0","0","0","0","116","0","5","0","0","0",0
"DVEN","31",2020-07-30,"Propios","852","3","11","1","0","1","1","29","0","9","0","0","0",1
"DVEN","31",2020-07-30,"Contratistas","1085","2","9","0","0","0","0","78","0","6","0","0","0",0
"DVEN","31",2020-07-31,"Propios","852","4","12","1","0","1","1","11","0","4","0","0","0",1
"DVEN","31",2020-07-31,"Contratistas","1085","1","9","0","0","0","0","87","0","0","0","0","0",0
"DVEN","31",2020-08-01,"Propios","852","5","13","1","0","1","1","0","0","12","0","0","0",1
"DVEN","31",2020-08-01,"Contratistas","1085","1","9","0","0","0","0","0","0","2","0","0","0",0
"DVEN","31",2020-08-02,"Propios","852","5","13","0","0","0","0","0","0","1","0","0","0",0
"DVEN","31",2020-08-02,"Contratistas","1085","1","9","0","0","0","0","0","0","2","0","0","0",0
"VP","31",2020-07-27,"Propios","12","0","4","0","0","0","0","0","0","32","0","0","0",0
"VP","31",2020-07-27,"Contratistas","351","25","124","0","0","4","0",NA,NA,"266","1","0","0",0
"VP","31",2020-07-28,"Propios","12","0","4","0","0","0","0","0","0","26","0","0","0",0
"VP","31",2020-07-28,"Contratistas","340","25","112","0","2","11","2","31","0","137","0","0","1",2
"VP","31",2020-07-29,"Propios","12","0","4","0","0","0","0","0","0","27","0","0","0",0
"VP","31",2020-07-29,"Contratistas","335","24","89","0","0","1","0","12","0","82","0","0","0",0
"VP","31",2020-07-30,"Propios","12","0","4","0","0","1","0","0","0","7","0","0","0",0
"VP","31",2020-07-30,"Contratistas","377","19","86","0","0","3","0","143","2","66","0","0","0",0
"VP","31",2020-07-31,"Propios","10","0","4","0","0","0","0","0","0","2","0",NA,"0",0
"VP","31",2020-07-31,"Contratistas","344","17","77","0","0","1","0","22","0","300","3","2 pendiente","0",0
"VP","31",2020-08-01,"Propios","9","0","4","0","0","0","0","0","0","1","0","0","0",0
"VP","31",2020-08-01,"Contratistas","331","17","76","1","0","27","2","0","0","68","0","0","0",1
"VP","31",2020-08-02,"Propios","9","0","4","0","0","0","0","0","0","4","0","0","0",0
"VP","31",2020-08-02,"Contratistas","336","15","77","2","0","5","2","0","0","73","0","0","1",2
"CM","32",2020-08-03,"Propios","537","0","0","0","0","0","0","0","0","13","0","0","0",0
"CM","32",2020-08-03,"Contratistas","193","0","0","0","0","0","0","0","0","6","0","0","0",0
"CM","32",2020-08-04,"Propios","537","0","0","0","0","0","0","0","0","0","0","0","0",0
"CM","32",2020-08-04,"Contratistas","193","0","0","0","0","0","0","0","0","0","0","0","0",0
"CM","32",2020-08-05,"Propios","537","0","0","0","0","0","0","0","0","0","0","0","0",0
"CM","32",2020-08-05,"Contratistas","193","0","0","0","0","0","0","0","0","0","0","0","0",0
"CM","32",2020-08-06,"Propios","537","0","0","0","0","0","0","0","0","0","0","0","0",0
"CM","32",2020-08-06,"Contratistas","193","0","0","0","0","0","0","0","0","0","0","0","0",0
"CM","32",2020-08-07,"Propios","537","0","0","0","0","0","0","0","0","0","0","0","0",0
"CM","32",2020-08-07,"Contratistas","193","0","0","0","0","0","0","0","0","0","0","0","0",0
"CM","32",2020-08-08,"Propios","537","0","0","0","0","0","0","0","0","0","0","0","0",0
"CM","32",2020-08-08,"Contratistas","193","0","0","0","0","0","0","0","0","0","0","0","0",0
"CM","32",2020-08-09,"Propios","537","0","0","0","0","0","0","0","0","0","0","0","0",0
"CM","32",2020-08-09,"Contratistas","193","0","0","0","0","0","0","0","0","0","0","0","0",0
"DAND","32",2020-08-03,"Propios","1450","2","8","0","0","2","0","0","0","63","0","0","0",0
"DAND","32",2020-08-03,"Contratistas","4500","7","28","1","0","1","1","2","0","414","0","0","0",1
"DAND","32",2020-08-04,"Propios","1450","2","8","0","0","2","0","4","0","204","2","0","0",0
"DAND","32",2020-08-04,"Contratistas","4500","7","27","0","0","3","0","1","0","470","0","0","0",0
"DAND","32",2020-08-05,"Propios","1450","2","6","0","0","0","0","0","0","17","0","0","0",0
"DAND","32",2020-08-05,"Contratistas","4500","7","26","0","0","4","0","2","0","370","0","0","0",0
"DAND","32",2020-08-06,"Propios","1450","2","6","0","0","2","0","1","0","191","0","0","0",0
"DAND","32",2020-08-06,"Contratistas","4500","7","26","0","0","1","0","1","0","272","0","0","0",0
"DAND","32",2020-08-07,"Propios","1450","2","6","0","0","2","1","0","0","28","1","1","0",0
"DAND","32",2020-08-07,"Contratistas","4500","7","26","0","0","3","1","0","0","72","2","2","0",0
"DAND","32",2020-08-08,"Propios","1450","3","7","0","1","0","0","1","0","202","0","0","0",1
"DAND","32",2020-08-08,"Contratistas","4500","8","27","1","0","4","0","0","0","72","0","0","0",1
"DAND","32",2020-08-09,"Propios","1450","3","7","0","0","1","0","0","0","39","0","0","0",0
"DAND","32",2020-08-09,"Contratistas","4500","8","15","0","0","1","0","0","0","380","0","0","0",0
"DCH","32",2020-08-03,"Propios","1872","46","68","1","4","205","5","0","0","129","5","1",NA,5
"DCH","32",2020-08-03,"Contratistas","3147","11","77","0","0","3","0","0","0","55","0","1",NA,0
"DCH","32",2020-08-04,"Propios","1978","48","69","1","6","213","7","0","0","22","1","0",NA,7
"DCH","32",2020-08-04,"Contratistas","3197","11","76","1","0","2","0","0","0","288","12","0",NA,1
"DCH","32",2020-08-05,"Propios","1640","47","64","1","1","74","2","0","0","58","2","0",NA,2
"DCH","32",2020-08-05,"Contratistas","3136","11","77","1","0","5","1","0","0","243","5","0",NA,1
"DCH","32",2020-08-06,"Propios","1629","44","62","1","2","168","3","0","0","42","0","0",NA,3
"DCH","32",2020-08-06,"Contratistas","3017","10","75","0","0","17","0","0","0","138","0","0",NA,0
"DCH","32",2020-08-07,"Propios","1368","42","59","1","0","130","1","0","0","3","0","0",NA,1
"DCH","32",2020-08-07,"Contratistas","2653","15","62","1","4","12","0","0","0","71","2","0",NA,5
"DCH","32",2020-08-08,"Propios","1252","39","56","1","0","100","1","0","0","109","1","0",NA,1
"DCH","32",2020-08-08,"Contratistas","1678","14","53","1","0","3","0","0","0","12","0","0",NA,1
"DCH","32",2020-08-09,"Propios","1339","35","52","0","0","104","0","0","0","137","0","0",NA,0
"DCH","32",2020-08-09,"Contratistas","1676","14","42","0","1","3","1","0","0","2","0","0",NA,1
"DET","32",2020-08-03,"Propios","2025","39","68","0","2","4","2","0","0","383","0","0","0",2
"DET","32",2020-08-03,"Contratistas","4926","46","61","2","3","13","5","0","0","131","1","1",NA,5
"DET","32",2020-08-04,"Propios","2056","38","66","0","0","6","0","0","0","228","0","0","0",0
"DET","32",2020-08-04,"Contratistas","5025","44","58","0","0","9","0","61","4","292","3","2",NA,0
"DET","32",2020-08-05,"Propios","2046","39","65","0","1","2","1","0","0","173","0","0","0",1
"DET","32",2020-08-05,"Contratistas","4982","47","61","4","3","12","7","39","2","295","1","1",NA,7
"DET","32",2020-08-06,"Propios","2053","39","64","0","1","1","1","0","0","178","0","0","0",1
"DET","32",2020-08-06,"Contratistas","5029","46","58","2","2","13","4","30","0","218","0","0",NA,4
"DET","32",2020-08-07,"Propios","1992","34","59","0","0","2","0","0","0","286","0","0","0",0
"DET","32",2020-08-07,"Contratistas","4862","44","55","0","2","11","2","43","6","152","1","0",NA,2
"DET","32",2020-08-08,"Propios","1307","33","56","0","0","3","0","0","0","155","0","0","0",0
"DET","32",2020-08-08,"Contratistas","2966","43","54","0","0","1","0","0","0","176","1","0",NA,0
"DET","32",2020-08-09,"Propios","1274","33","56","0","0","1","0","0","0","229","0","0","0",0
"DET","32",2020-08-09,"Contratistas","2517","42","53","1","0","2","1","0","0","146","0","0",NA,1
"DGM","32",2020-08-03,"Propios","162","1","3","0","0","0","0","28","4","30","1","0","0",0
"DGM","32",2020-08-03,"Contratistas","1088","7","44","0","1","1","1","0","0","85","1","0","0",1
"DGM","32",2020-08-04,"Propios","152","1","3","0","0","0","0","69","3","2","0","0","0",0
"DGM","32",2020-08-04,"Contratistas","1096","8","43","3","0","4","3","28","1","89","0","0","0",3
"DGM","32",2020-08-05,"Propios","161","1","2","0","0","0","0","16","3","86","0","0","0",0
"DGM","32",2020-08-05,"Contratistas","1105","6","34","0","0","2","0","8","0","100","0","0","0",0
"DGM","32",2020-08-06,"Propios","108","1","2","0","0","0","0","2","2","30","0","0","0",0
"DGM","32",2020-08-06,"Contratistas","1071","7","31","1","0","3","1","6","0","78","0","0","0",1
"DGM","32",2020-08-07,"Propios","129","1","2","0","0","5","0","0","0","2","0","0","0",0
"DGM","32",2020-08-07,"Contratistas","949","8","32","0","1","0","1","55","1","89","0","0","0",1
"DGM","32",2020-08-08,"Propios","128","1","2","0","0","8","0","0","0","2","0","0","0",0
"DGM","32",2020-08-08,"Contratistas","931","8","32","0","0","0","0","32","4","86","1","1","0",0
"DGM","32",2020-08-09,"Propios","125","1","2","0","0","3","0","0","0","0","0","0","0",0
"DGM","32",2020-08-09,"Contratistas","929","8","32","0","0","0","0","10","0","117","1","0","0",0
"DMH","32",2020-08-03,"Propios","668","1","8","1","0","1","1","25","10","84","0","0","0",1
"DMH","32",2020-08-03,"Contratistas","2520","8","63","1","0","3","1","8","5","151","2","2","0",1
"DMH","32",2020-08-04,"Propios","668","2","9","0","1","1","0","25","6","42","1","0","0",1
"DMH","32",2020-08-04,"Contratistas","2520","10","64","0","2","2","0","25","18","149","2","0","0",2
"DMH","32",2020-08-05,"Propios","668","2","9","0","0","0","0","27","3","32","0","0","0",0
"DMH","32",2020-08-05,"Contratistas","2520","11","64","1","0","0","0","18","13","189","0","0","0",1
"DMH","32",2020-08-06,"Propios","668","2","9","0","0","0","0","41","8","91","0","0","0",0
"DMH","32",2020-08-06,"Contratistas","2520","11","54","0","0","2","1","5","3","136","2","1","0",0
"DMH","32",2020-08-07,"Propios","668","3","9","0","0","0","0","47","2","43","0","0","0",0
"DMH","32",2020-08-07,"Contratistas","2520","11","54","1","0","0","0","4","3","53","0","0","0",1
"DMH","32",2020-08-08,"Propios","668","2","7","0","0","0","0","24","1","17","0","0","0",0
"DMH","32",2020-08-08,"Contratistas","2520","11","49","0","1","0","0","10","10","24","0","0","0",1
"DMH","32",2020-08-09,"Propios","668","2","7","0","0","0","0","33","9","55","0","0","0",0
"DMH","32",2020-08-09,"Contratistas","2520","10","49","0","0","0","0","7","4","33","0","0","0",0
"DRT","32",2020-08-03,"Propios","1218","4","20","0","0","3","1","9","0","36","0","0","0",0
"DRT","32",2020-08-03,"Contratistas","4710","8","25","2","0","3","1","0","0","0","0","0","0",2
"DRT","32",2020-08-04,"Propios","1218","2","17","0","0","0","9","12","2","51","0","0","0",0
"DRT","32",2020-08-04,"Contratistas","4710","6","24","2","0","8","6","0","0","5","0","0","0",2
"DRT","32",2020-08-05,"Propios","1218","2","15","0","0","0","0","2","0","18","0","0","0",0
"DRT","32",2020-08-05,"Contratistas","4710","4","22","0","0","1","1","0","0","0","0","0","0",0
"DRT","32",2020-08-06,"Propios","1218","2","15","0","0","1","1","6","0","37","0","0","0",0
"DRT","32",2020-08-06,"Contratistas","4710","5","22","1","1","2","2","10","0","6","0","0","0",2
"DRT","32",2020-08-07,"Propios","1218","2","14","0","0","0","0","8","8","27","0","0","0",0
"DRT","32",2020-08-07,"Contratistas","4710","8","25","2","2","9","2","6","0","19","0","0","0",4
"DRT","32",2020-08-08,"Propios","1218","2","14","0","0","0","0","1","0","52","0","0","0",0
"DRT","32",2020-08-08,"Contratistas","4710","9","24","1","0","3","2","0","0","0","0","0","0",1
"DRT","32",2020-08-09,"Propios","1218","2","14","0","0","0","0","2","0","43","0","0","0",0
"DRT","32",2020-08-09,"Contratistas","4710","10","25","1","0","4","3","1","0","0","0","0","0",1
"DSAL","32",2020-08-03,"Propios",NA,"0","0","0","0","0","0","0","0","4","0","0",NA,0
"DSAL","32",2020-08-03,"Contratistas",NA,"0","1","0","0","0","0","565","0","37","0","0",NA,0
"DSAL","32",2020-08-04,"Propios",NA,"0","0","0","0","0","0","0","0","7","0","0",NA,0
"DSAL","32",2020-08-04,"Contratistas",NA,"0","0","0","0","0","0","71","0","26","0","0",NA,0
"DSAL","32",2020-08-05,"Propios",NA,"0","0","0","0","0","0","0","0","2","0","0",NA,0
"DSAL","32",2020-08-05,"Contratistas",NA,"0","0","0","0","0","0","115","0","22","0","0",NA,0
"DSAL","32",2020-08-06,"Propios",NA,"0","0","0","0","0","0","0","0","0","0","0",NA,0
"DSAL","32",2020-08-06,"Contratistas",NA,"0","0","0","0","1","0","0","0","11","0","0",NA,0
"DSAL","32",2020-08-07,"Propios",NA,"0","0","0","0","0","0","0","0","60","0","0",NA,0
"DSAL","32",2020-08-07,"Contratistas",NA,"0","0","0","0","0","0","222","1","31","0","0",NA,0
"DSAL","32",2020-08-08,"Propios",NA,"0","0","0","0","0","0","122","0","111","0","0",NA,0
"DSAL","32",2020-08-08,"Contratistas",NA,"0","0","0","0","0","0","117","0","22","0","0",NA,0
"DSAL","32",2020-08-09,"Propios",NA,"0","0","0","0","8","0","81","1","164","8","8",NA,0
"DSAL","32",2020-08-09,"Contratistas",NA,"0","0","0","0","0","0","54","0","6","0","0",NA,0
"DVEN","32",2020-07-27,"Propios","852","2","15","0","0","1","0","28","0","20","0","0","0",0
"DVEN","32",2020-07-27,"Contratistas","1085","3","11","0","0","0","0","140","1","15","0","0","0",0
"DVEN","32",2020-07-28,"Propios","852","2","15","0","0","0","0","6","0","0","0","0","0",0
"DVEN","32",2020-07-28,"Contratistas","1085","3","11","0","0","0","0","116","0","0","0","0","0",0
"DVEN","32",2020-07-29,"Propios","852","2","10","1","0","1","1","25","0","28","0","0","0",1
"DVEN","32",2020-07-29,"Contratistas","1085","2","9","0","0","0","0","116","0","5","0","0","0",0
"DVEN","32",2020-07-30,"Propios","852","3","11","1","0","1","1","29","0","9","0","0","0",1
"DVEN","32",2020-07-30,"Contratistas","1085","2","9","0","0","0","0","78","0","6","0","0","0",0
"DVEN","32",2020-07-31,"Propios","852","4","12","1","0","1","1","11","0","4","0","0","0",1
"DVEN","32",2020-07-31,"Contratistas","1085","1","9","0","0","0","0","87","0","0","0","0","0",0
"DVEN","32",2020-08-01,"Propios","852","5","13","1","0","1","1","0","0","12","0","0","0",1
"DVEN","32",2020-08-01,"Contratistas","1085","1","9","0","0","0","0","0","0","2","0","0","0",0
"DVEN","32",2020-08-02,"Propios","852","5","13","0","0","0","0","0","0","1","0","0","0",0
"DVEN","32",2020-08-02,"Contratistas","1085","1","9","0","0","0","0","0","0","2","0","0","0",0
"VP","32",2020-08-03,"Propios","14.75","0","4","0","0","0","0","0","0","21","0","0","0",0
"VP","32",2020-08-03,"Contratistas","429.5","12","77","1","1","4","2","0","0","218","0","0","1",2
"VP","32",2020-08-04,"Propios","15.75","0","4","0","0","0","0","0","0","20","0",NA,"0",0
"VP","32",2020-08-04,"Contratistas","441.5","12","71","0","0","3","0","0","0","250","1","1","0",0
"VP","32",2020-08-05,"Propios","15.25","0","4","0","0","0","0","0","0","11","0",NA,"0",0
"VP","32",2020-08-05,"Contratistas","437.5","11","73","1","1","5","2","5","0","302","5","1","0",2
"VP","32",2020-08-06,"Propios","15.25","0","4","0","0","1","0","0","0","7","0","0","0",0
"VP","32",2020-08-06,"Contratistas","464.75","14","69","1","3","57","4","0","0","34","0","0","1",4
"VP","32",2020-08-07,"Propios","14.25","0","3","0","0","18","0","0","0","2","0","0","0",0
"VP","32",2020-08-07,"Contratistas","346.8","15","64","1","0","54","1","119","0","168","1","pendiente","0",1
"VP","32",2020-08-08,"Propios","11.25","0","3","0","0","0","0","0","0","0","0","0","0",0
"VP","32",2020-08-08,"Contratistas","388.75","16","65","1","2","10","3","0","0","188","0","0","1",3
"VP","32",2020-08-09,"Propios","10.4","0","3","0","0","0","0","0","0","21","0","0","0",0
"VP","32",2020-08-09,"Contratistas","390.25","17","67","1","1","2","2","0","0","431","0","0","1",2
"CM","33",2020-08-10,"Propios","537","0","0","0","0","0","0","0","0","0","0","0","0",0
"CM","33",2020-08-10,"Contratistas","193","0","0","0","0","0","0","0","0","0","0","0","0",0
"CM","33",2020-08-11,"Propios","537","0","0","0","0","0","0","0","0","0","0","0","0",0
"CM","33",2020-08-11,"Contratistas","193","0","0","0","0","0","0","0","0","0","0","0","0",0
"CM","33",2020-08-12,"Propios","537","0","0","0","0","0","0","0","0","0","0","0","0",0
"CM","33",2020-08-12,"Contratistas","193","0","0","0","0","0","0","0","0","0","0","0","0",0
"CM","33",2020-08-13,"Propios","537","0","0","0","0","0","0","0","0","1","0","0","0",0
"CM","33",2020-08-13,"Contratistas","193","0","0","0","0","0","0","0","0","5","0","0","0",0
"CM","33",2020-08-14,"Propios","537","0","0","0","0","0","0","0","0","0","0","0","0",0
"CM","33",2020-08-14,"Contratistas","193","0","0","0","0","0","0","0","0","0","0","0","0",0
"CM","33",2020-08-15,"Propios","537","0","0","0","0","0","0","0","0","0","0","0","0",0
"CM","33",2020-08-15,"Contratistas","193","0","0","0","0","0","0","0","0","0","0","0","0",0
"CM","33",2020-08-16,"Propios","537","0","0","0","0","0","0","0","0","0","0","0","0",0
"CM","33",2020-08-16,"Contratistas","193","0","0","0","0","0","0","0","0","0","0","0","0",0
"DAND","33",2020-08-10,"Propios","1450","3","7","0","0","0","0","0","0","137","0","0","0",0
"DAND","33",2020-08-10,"Contratistas","4500","5","12","1","0","6","0","0","0","451","0","0","0",1
"DAND","33",2020-08-11,"Propios","1450","3","7","0","0","0","0","0","0","27","0","0","0",0
"DAND","33",2020-08-11,"Contratistas","4500","5","12","0","0","2","0","4","0","511","0","0","0",0
"DAND","33",2020-08-12,"Propios","1450","3","6","0","0","2","0","0","0","202","0","0","0",0
"DAND","33",2020-08-12,"Contratistas","4500","5","12","0","0","2","0","0","0","385","0","0","0",0
"DAND","33",2020-08-13,"Propios","1450","1","6","0","0","0","0","0","0","7","1","0","0",0
"DAND","33",2020-08-13,"Contratistas","4500","4","8","0","0","1","0","0","0","262","0","0","0",0
"DAND","33",2020-08-14,"Propios","1450","1","6","0","0","1","0","1","0","171","0","0","0",0
"DAND","33",2020-08-14,"Contratistas","4500","4","7","0","0","2","0","0","0","144","1","0","0",0
"DAND","33",2020-08-15,"Propios","1450","1","6","0","0","1","0","0","0","9","0","0","0",0
"DAND","33",2020-08-15,"Contratistas","4500","4","7","0","0","0","0","0","0","151","0","0","0",0
"DAND","33",2020-08-16,"Propios","1450","1","6","0","0","0","0","1","0","250","0","0","0",0
"DAND","33",2020-08-16,"Contratistas","4500","4","7","0","0","0","0","0","0","446","0","0","0",0
"DCH","33",2020-08-10,"Propios","1787","31","45","1","4","85","5","0","0","194","0","0",NA,5
"DCH","33",2020-08-10,"Contratistas","3221","12","38","1","0","0","0","0","0","70","0","1",NA,1
"DCH","33",2020-08-11,"Propios","1922","29","41","0","1","12","1","0","0","75","0","0",NA,1
"DCH","33",2020-08-11,"Contratistas","3318","8","38","0","0","0","0","0","0","221","2","0",NA,0
"DCH","33",2020-08-12,"Propios","1662","31","45","0","5","102","5","0","0","63","2","0",NA,5
"DCH","33",2020-08-12,"Contratistas","3255","5","38","0","0","0","0","0","0","233","0","0",NA,0
"DCH","33",2020-08-13,"Propios","1603","31","43","0","0","117","0","0","0","10","2","3",NA,0
"DCH","33",2020-08-13,"Contratistas","3167","5","38","0","0","1","0","0","0","219","4","0",NA,0
"DCH","33",2020-08-14,"Propios","1256","43","55","2","14","96","16","0","0","105","0","0",NA,16
"DCH","33",2020-08-14,"Contratistas","2669","5","39","1","1","2","1","0","0","66","0","0",NA,2
"DCH","33",2020-08-15,"Propios","1262","43","55","1","1","13","2","0","0","140","2","0",NA,2
"DCH","33",2020-08-15,"Contratistas","1577","6","40","0","1","0","0","0","0","15","0","0",NA,1
"DCH","33",2020-08-16,"Propios","1319","40","54","0","0","2","0","0","0","166","15","0",NA,0
"DCH","33",2020-08-16,"Contratistas","1633","5","40","0","0","0","0","0","0","0","0","0",NA,0
"DET","33",2020-08-10,"Propios","1980","31","51","0","0","0","0","0","0","487","0","0","0",0
"DET","33",2020-08-10,"Contratistas","4715","42","53","0","0","4","0","11","1","141","0","0",NA,0
"DET","33",2020-08-11,"Propios","1992","30","48","0","0","2","0","0","0","320","0","0","0",0
"DET","33",2020-08-11,"Contratistas","5122","42","53","0","1","5","1","0","0","265","1","1",NA,1
"DET","33",2020-08-12,"Propios","1918","26","44","0","0","0","0","0","0","178","0","0","0",0
"DET","33",2020-08-12,"Contratistas","5255","39","50","0","0","4","0","6","0","320","0","0",NA,0
"DET","33",2020-08-13,"Propios","1942","24","42","0","0","1","0","0","0","241","0","0","0",0
"DET","33",2020-08-13,"Contratistas","5248","36","47","1","2","6","3","0","0","276","1","1",NA,3
"DET","33",2020-08-14,"Propios","1849","21","38","1","0","2","1","0","0","276","0","0","0",1
"DET","33",2020-08-14,"Contratistas","5033","32","43","0","0","5","0","0","0","247","1","1",NA,0
"DET","33",2020-08-15,"Propios","1243","21","37","0","0","1","0","0","0","160","1","0","0",0
"DET","33",2020-08-15,"Contratistas","2953","28","39","0","1","4","1","0","0","228","0","0",NA,1
"DET","33",2020-08-16,"Propios","1256","21","37","1","0","1","1","0","0","298","0","0","0",1
"DET","33",2020-08-16,"Contratistas","2537","26","37","0","1","5","1","0","0","104","0","0",NA,1
"DGM","33",2020-08-10,"Propios","155","1","2","0","0","1","0","10","0","29","0","0","0",0
"DGM","33",2020-08-10,"Contratistas","1110","7","33","0","1","6","1","0","0","101","1","1","0",1
"DGM","33",2020-08-11,"Propios","120","1","2","0","0","2","0","76","8","40","0","0","0",0
"DGM","33",2020-08-11,"Contratistas","1136","7","30","0","1","3","1","4","0","102","1","1","0",1
"DGM","33",2020-08-12,"Propios","144","1","2","0","0","1","0","16","3","60","0","0","0",0
"DGM","33",2020-08-12,"Contratistas","1104","10","30","1","2","2","2","0","0","94","1","1","0",3
"DGM","33",2020-08-13,"Propios","161","1","2","0","0","0","0","0","0","34","0","0","0",0
"DGM","33",2020-08-13,"Contratistas","1109","10","32","0","1","2","1","10","0","82","0","0","0",1
"DGM","33",2020-08-14,"Propios","131","1","2","0","0","0","0","0","0","2","0","0","0",0
"DGM","33",2020-08-14,"Contratistas","923","10","32","0","0","1","0","16","0","109","0","0","0",0
"DGM","33",2020-08-15,"Propios","132","0","2","0","0","1","0","0","0","15","0","0","0",0
"DGM","33",2020-08-15,"Contratistas","954","9","33","1","0","0","1","46","3","77","0","0","0",1
"DGM","33",2020-08-16,"Propios","135","0","2","0","0","0","0","2","0","1","0","0","0",0
"DGM","33",2020-08-16,"Contratistas","955","9","32","0","0","2","0","41","8","69","1","1","0",0
"DMH","33",2020-08-10,"Propios","668","2","7","0","0","0","0","47","6","71","0","0","0",0
"DMH","33",2020-08-10,"Contratistas","2520","9","50","1","0","2","1","12","9","135","2","1","0",1
"DMH","33",2020-08-11,"Propios","668","2","7","0","0","0","0","36","2","10","0","0","0",0
"DMH","33",2020-08-11,"Contratistas","2520","9","50","0","0","0","0","25","18","208","0","0","0",0
"DMH","33",2020-08-12,"Propios","668","2","7","0","0","0","0","40","7","79","0","0","0",0
"DMH","33",2020-08-12,"Contratistas","2520","9","50","2","0","5","4","32","20","207","5","4","0",2
"DMH","33",2020-08-13,"Propios","668","2","8","0","0","0","0","47","9","46","0","0","0",0
"DMH","33",2020-08-13,"Contratistas","2520","12","51","3","0","0","0","11","9","130","0","0","0",3
"DMH","33",2020-08-14,"Propios","668","2","8","0","0","0","0","39","5","7","0","0","0",0
"DMH","33",2020-08-14,"Contratistas","2520","15","47","4","0","0","0","6","3","65","0","0","0",4
"DMH","33",2020-08-15,"Propios","668","2","8","0","0","0","0","15","6","60","0","0","0",0
"DMH","33",2020-08-15,"Contratistas","2520","15","48","1","0","0","0","4","4","29","0","0","0",1
"DMH","33",2020-08-16,"Propios","668","2","8","0","0","0","0","41","8","45","1","0","0",0
"DMH","33",2020-08-16,"Contratistas","2520","17","50","2","0","0","0","6","4","73","1","0","0",2
"DRT","33",2020-08-10,"Propios","1218","3","14","0","0","0","0","2","2","35","0","0","0",0
"DRT","33",2020-08-10,"Contratistas","4710","8","24","0","0","0","0","0","0","1","0","0","0",0
"DRT","33",2020-08-11,"Propios","1218","2","13","0","0","1","0","0","0","48","0","0","0",0
"DRT","33",2020-08-11,"Contratistas","4710","8","22","0","0","4","0","0","0","10","0","0","0",0
"DRT","33",2020-08-12,"Propios","1218","2","13","0","0","0","0","0","0","10","0","0","0",0
"DRT","33",2020-08-12,"Contratistas","4710","8","22","0","0","0","0","0","0","2","0","0","0",0
"DRT","33",2020-08-13,"Propios","1218","2","11","0","0","0","0","1","1","57","0","0","0",0
"DRT","33",2020-08-13,"Contratistas","4710","10","20","2","0","3","2","7","1","5","0",NA,"0",2
"DRT","33",2020-08-14,"Propios","1218","3","13","2","0","2","2","5","1","36","0","0","0",2
"DRT","33",2020-08-14,"Contratistas","4710","10","12","2","0","5","2","6","1","8","0","0","0",2
"DRT","33",2020-08-15,"Propios","1218","3","13","0","0","2","0","6","3","26","0","0","0",0
"DRT","33",2020-08-15,"Contratistas","4710","10","18","1","0","2","1","5","2","10","0","0","0",1
"DRT","33",2020-08-16,"Propios","1218","3","12","0","0","0","0","26","1","20","1","0","0",0
"DRT","33",2020-08-16,"Contratistas","4710","7","18","0","0","0","0","20","0","24","0","0","0",0
"DSAL","33",2020-08-10,"Propios",NA,"0","0","0","0","3","0","237","0","43","0","0",NA,0
"DSAL","33",2020-08-10,"Contratistas",NA,"0","0","0","0","1","0","665","6","0","0","0",NA,0
"DSAL","33",2020-08-11,"Propios",NA,"0","0","0","0","0","0","1","0","44","0","0",NA,0
"DSAL","33",2020-08-11,"Contratistas",NA,"0","0","0","0","0","0","84","0","78","0","0",NA,0
"DSAL","33",2020-08-12,"Propios",NA,"0","0","0","0","1","0","1","0","5","0","0",NA,0
"DSAL","33",2020-08-12,"Contratistas",NA,"0","0","0","0","1","0","146","0","59","0","0",NA,0
"DSAL","33",2020-08-13,"Propios",NA,"9","0","0","8","15","8","0","0","12","0","0",NA,8
"DSAL","33",2020-08-13,"Contratistas",NA,"0","0","0","1","0","1","121","0","62","0","0",NA,1
"DSAL","33",2020-08-14,"Propios",NA,"3","0","0","3","3","3","0","0","5","0","3",NA,3
"DSAL","33",2020-08-14,"Contratistas",NA,"0","0","0","0","0","0","27","0","53","0","0",NA,0
"DSAL","33",2020-08-15,"Propios",NA,"1","0","0","1","0","0","0","0","2","0","1",NA,1
"DSAL","33",2020-08-15,"Contratistas",NA,"0","0","0","0","0","0","162","2","48","1","0",NA,0
"DSAL","33",2020-08-16,"Propios",NA,"4","0","0","4","0","0","0","0","24","0","0",NA,4
"DSAL","33",2020-08-16,"Contratistas",NA,"0","0","0","0","0","0","95","0","44","0","0",NA,0
"DVEN","33",2020-08-10,"Propios","852","2","7","0","0","0","0","0","0","102","0","0","0",0
"DVEN","33",2020-08-10,"Contratistas","1085","0","7","0","0","0","0","0","0","44","0","0","0",0
"DVEN","33",2020-08-11,"Propios","852","0","7","0","0","0","0","0","0","39","0","0","0",0
"DVEN","33",2020-08-11,"Contratistas","1085","0","7","0","0","0","0","0","0","127","0","0","0",0
"DVEN","33",2020-08-12,"Propios","852","0","7","0","0","0","0","0","0","74","0","0","0",0
"DVEN","33",2020-08-12,"Contratistas","1085","0","7","0","0","0","0","0","0","61","0","0","0",0
"DVEN","33",2020-08-13,"Propios","852","0","7","0","0","1","0","0","0","51","0","0","0",0
"DVEN","33",2020-08-13,"Contratistas","1085","0","7","0","0","0","0","0","0","83","0","0","0",0
"DVEN","33",2020-08-14,"Propios","852","0","7","0","0","0","0","0","0","77","0","0","0",0
"DVEN","33",2020-08-14,"Contratistas","1085","0","7","0","0","0","0","0","0","93","0","0","0",0
"DVEN","33",2020-08-15,"Propios","852","0","7","0","0","0","0","0","0","0","0","0","0",0
"DVEN","33",2020-08-15,"Contratistas","1085","0","7","0","0","0","0","0","0","0","0","0","0",0
"DVEN","33",2020-08-16,"Propios","852","0","7","0","0","0","0","0","0","98","0","0","0",0
"DVEN","33",2020-08-16,"Contratistas","1085","0","7","0","0","0","0","0","0","4","0","0","0",0
"VP","33",2020-08-10,"Propios","19","0","3","0","0","0","0","0","0","57","0","0","0",0
"VP","33",2020-08-10,"Contratistas","416","17","66","0","1","9","1","0","0","288","0","0","0",1
"VP","33",2020-08-11,"Propios","16","0","3","0","0","0","0","0","0","12","0","0","0",0
"VP","33",2020-08-11,"Contratistas","560","18","67","0","1","1","1","0","0","98","0","0","0",1
"VP","33",2020-08-12,"Propios","19","0","3","0","0","0","0","0","0","8","0","0","0",0
"VP","33",2020-08-12,"Contratistas","559","18","66","0","0","28","0","0","0","163","0","0","0",0
"VP","33",2020-08-13,"Propios","19","0","1","0","0","1","0","0","0","10","0","0","0",0
"VP","33",2020-08-13,"Contratistas","580","18","62","0","2","105","2","0","0","41","0","0","0",2
"VP","33",2020-08-14,"Propios","13","0","1","0","0","0","0","0","0","3","0","0","0",0
"VP","33",2020-08-14,"Contratistas","470","18","62","0","0","4","0","0","0","48","0","0","0",0
"VP","33",2020-08-15,"Propios","11","0","1","0","0","0","0","0","0","3","0","0","0",0
"VP","33",2020-08-15,"Contratistas","451","17","62","0","0","2","0","0","0","156","0","0","0",0
"VP","33",2020-08-16,"Propios","11","0","1","0","0","0","0","0","0","10","0","0","0",0
"VP","33",2020-08-16,"Contratistas","415","18","64","1","1","57","2","111","0","352","1","pendiente","0",2
"CM","34",2020-08-17,"Propios","537","0","0","0","0","0","0","0","0","0","0","0","0",0
"CM","34",2020-08-17,"Contratistas","193","0","0","0","0","0","0","0","0","0","0","0","0",0
"CM","34",2020-08-18,"Propios","537","0","0","0","0","0","0","0","0","0","0","0","0",0
"CM","34",2020-08-18,"Contratistas","193","0","0","0","0","0","0","0","0","0","0","0","0",0
"CM","34",2020-08-19,"Propios","537","0","0","0","0","0","0","0","0","0","0","0","0",0
"CM","34",2020-08-19,"Contratistas","193","0","0","0","0","0","0","0","0","0","0","0","0",0
"CM","34",2020-08-20,"Propios","537","0","0","0","0","0","0","0","0","0","0","0","0",0
"CM","34",2020-08-20,"Contratistas","193","0","0","0","0","0","0","0","0","0","0","0","0",0
"CM","34",2020-08-21,"Propios","537","0","0","0","0","0","0","0","0","0","0","0","0",0
"CM","34",2020-08-21,"Contratistas","193","0","0","0","0","0","0","0","0","0","0","0","0",0
"CM","34",2020-08-22,"Propios","537","0","0","0","0","0","0","0","0","0","0","0","0",0
"CM","34",2020-08-22,"Contratistas","193","0","0","0","0","0","0","0","0","0","0","0","0",0
"CM","34",2020-08-23,"Propios","537","0","0","0","0","0","0","0","0","0","0","0","0",0
"CM","34",2020-08-23,"Contratistas","193","0","0","0","0","0","0","0","0","0","0","0","0",0
"DAND","34",2020-08-17,"Propios","1450","1","6","1","0","2","1","0","0","71","0","0","0",1
"DAND","34",2020-08-17,"Contratistas","4500","5","7","1","0","1","1","12","0","483","1","1","0",1
"DAND","34",2020-08-18,"Propios","1450","1","3","0","0","0","0","2","0","208","0","0","0",0
"DAND","34",2020-08-18,"Contratistas","4500","3","6","0","0","1","0","47","0","518","0","0","0",0
"DAND","34",2020-08-19,"Propios","1450","1","3","0","0","1","0","0","0","14","0","0","0",0
"DAND","34",2020-08-19,"Contratistas","4500","4","5","1","0","1","0","14","0","390","0","0","0",1
"DAND","34",2020-08-20,"Propios","1450","2","4","0","0","0","0","0","0","196","0","0","0",0
"DAND","34",2020-08-20,"Contratistas","4500","4","3","0","0","2","1","7","0","291","1","1","0",0
"DAND","34",2020-08-21,"Propios","1450","2","4","0","0","2","0","0","0","24","0","0","0",0
"DAND","34",2020-08-21,"Contratistas","4500","4","3","0","0","1","0","0","0","106","0","0","0",0
"DAND","34",2020-08-22,"Propios","1450","2","4","0","0","0","0","1","0","158","0","0","0",0
"DAND","34",2020-08-22,"Contratistas","4500","4","3","0","0","2","0","3","0","119","0","0","0",0
"DAND","34",2020-08-23,"Propios","1450","2","4","0","0","0","0","0","0","103","0","0","0",0
"DAND","34",2020-08-23,"Contratistas","4500","4","3","0","0","1","0","8","0","477","1","0","0",0
"DCH","34",2020-08-17,"Propios","1831","37","51","1","0","5","1","0","0","242","0","0",NA,1
"DCH","34",2020-08-17,"Contratistas","3305","4","36","0","1","0","0","0","0","125","1","0",NA,1
"DCH","34",2020-08-18,"Propios","1971","31","50","2","0","5","2","0","0","48","0","0",NA,2
"DCH","34",2020-08-18,"Contratistas","3449","5","36","0","1","0","0","0","0","323","1","1",NA,1
"DCH","34",2020-08-19,"Propios","1723","30","46","1","0","7","1","0","0","95","0","0",NA,1
"DCH","34",2020-08-19,"Contratistas","3388","5","17","1","0","0","0","0","0","289","0","0",NA,1
"DCH","34",2020-08-20,"Propios","1704","28","43","0","0","8","0","0","0","27","0","0",NA,0
"DCH","34",2020-08-20,"Contratistas","3275","8","17","1","3","0","0","0","0","200","0","1",NA,4
"DCH","34",2020-08-21,"Propios","1306","28","41","0","0","3","0","0","0","165","0","0",NA,0
"DCH","34",2020-08-21,"Contratistas","2893","5","16","0","0","0","0","0","0","221","1","2",NA,0
"DCH","34",2020-08-22,"Propios","1287","28","41","0","1","1","1","0","0","145","0","0",NA,1
"DCH","34",2020-08-22,"Contratistas","1843","5","16","0","0","0","0","0","0","11","0","0",NA,0
"DCH","34",2020-08-23,"Propios","1167","24","37","0","0","7","0","0","0","217","0","0",NA,0
"DCH","34",2020-08-23,"Contratistas","1569","5","16","0","0","2","0","0","0","20","0","0",NA,0
"DET","34",2020-08-17,"Propios","1947","20","36","0","0","2","0","0","0","462","1","0","1",0
"DET","34",2020-08-17,"Contratistas","5095","25","36","1","0","9","1","8","1","248","0","0",NA,1
"DET","34",2020-08-18,"Propios","2001","19","34","0","0","6","0","0","0","314","0","0",NA,0
"DET","34",2020-08-18,"Contratistas","5223","23","34","0","0","47","0","16","0","331","0","0",NA,0
"DET","34",2020-08-19,"Propios","1943","20","35","0","1","3","1","0","0","279","0","0",NA,1
"DET","34",2020-08-19,"Contratistas","2173","23","33","0","0","16","0","3","0","337","0","0",NA,0
"DET","34",2020-08-20,"Propios","1909","20","35","0","0","0","0","0","0","199","0","0",NA,0
"DET","34",2020-08-20,"Contratistas","5231","23","33","1","0","14","1","0","0","373","0","0",NA,1
"DET","34",2020-08-21,"Propios","1783","19","34","0","0","1","0","0","0","304","0","0",NA,0
"DET","34",2020-08-21,"Contratistas","5031","22","32","0","0","15","0","0","0","372","1","1",NA,0
"DET","34",2020-08-22,"Propios","1154","19","34","0","0","1","0","0","0","200","0","0",NA,0
"DET","34",2020-08-22,"Contratistas","2959","22","32","0","0","0","0","0","0","261","0","0",NA,0
"DET","34",2020-08-23,"Propios","1149","17","32","0","0","2","0","0","0","306","0","0",NA,0
"DET","34",2020-08-23,"Contratistas","2562","21","31","0","0","16","0","0","0","267","0","0",NA,0
"DGM","34",2020-08-17,"Propios","154","0","2","0","0","0","0","11","1","130","0","0","0",0
"DGM","34",2020-08-17,"Contratistas","1129","10","31","0","1","2","1","15","2","24","0","0","0",1
"DGM","34",2020-08-18,"Propios","129","0","2","0","0","0","0","63","1","36","0","0","0",0
"DGM","34",2020-08-18,"Contratistas","1160","10","29","1","0","4","1","16","0","84","1","0","0",1
"DGM","34",2020-08-19,"Propios","154","0","2","0","0","0","0","15","0","43","0","0","0",0
"DGM","34",2020-08-19,"Contratistas","1110","9","29","0","1","5","1","13","0","132","0","0","0",1
"DGM","34",2020-08-20,"Propios","156","0","2","0","0","0","0","2","0","19","0","0","0",0
"DGM","34",2020-08-20,"Contratistas","1120","9","29","0","0","1","0","1","0","90","0","0","0",0
"DGM","34",2020-08-21,"Propios","124","0","1","0","0","1","0","0","0","1","0","0","0",0
"DGM","34",2020-08-21,"Contratistas","977","9","28","0","0","2","0","28","1","81","0","0","0",0
"DGM","34",2020-08-22,"Propios","121","0","1","0","0","0","0","0","0","16","0","0","0",0
"DGM","34",2020-08-22,"Contratistas","933","7","27","0","0","0","0","21","1","110","0","0","0",0
"DGM","34",2020-08-23,"Propios","120","0","1","0","0","0","0","0","0","0","0","0","0",0
"DGM","34",2020-08-23,"Contratistas","913","6","27","0","0","1","0","50","1","95","0","0","0",0
"DMH","34",2020-08-17,"Propios","668","1","6","0","0","0","0","28","5","58","0","0","0",0
"DMH","34",2020-08-17,"Contratistas","2520","15","46","0","0","0","0","11","7","183","0","0","0",0
"DMH","34",2020-08-18,"Propios","668","1","6","0","0","0","0","35","9","85","0","0","0",0
"DMH","34",2020-08-18,"Contratistas","2520","16","43","1","0","1","1","34","27","246","1","1","0",1
"DMH","34",2020-08-19,"Propios","668","1","6","0","0","0","0","53","3","42","0","0","0",0
"DMH","34",2020-08-19,"Contratistas","2520","17","44","1","1","2","1","15","13","225","1","1","0",2
"DMH","34",2020-08-20,"Propios","668","1","6","0","0","0","0","36","8","17","0","0","0",0
"DMH","34",2020-08-20,"Contratistas","2520","19","43","2","1","0","0","4","2","65","0","0","3",3
"DMH","34",2020-08-21,"Propios","668","1","6","0","0","0","0","15","5","57","0","0","0",0
"DMH","34",2020-08-21,"Contratistas","2520","20","44","1","0","1","1","4","3","37","2","1","0",1
"DMH","34",2020-08-22,"Propios","668","1","6","0","0","0","0","39","6","44","0","0","0",0
"DMH","34",2020-08-22,"Contratistas","2520","17","44","0","0","1","0","2","2","63","1","0","0",0
"DMH","34",2020-08-23,"Propios","668","1","6","0","0","0","0","14","2","6","0","0","0",0
"DMH","34",2020-08-23,"Contratistas","2520","17","44","0","0","2","0","1","0","53","2","0","0",0
"DRT","34",2020-08-17,"Propios","1218","3","12","0","0","6","2","3","2","21","0","0","0",0
"DRT","34",2020-08-17,"Contratistas","4710","5","16","0","0","14","5","5","2","17","0","0","0",0
"DRT","34",2020-08-18,"Propios","1218","3","11","0","0","1","0","2","1","33","0","0","0",0
"DRT","34",2020-08-18,"Contratistas","4710","5","13","0","0","3","0","4","1","37","0","0","0",0
"DRT","34",2020-08-19,"Propios","1218","4","12","1","0","1","1","10","2","26","0","0","0",1
"DRT","34",2020-08-19,"Contratistas","4710","3","13","0","0","1","0","8","6","33","0","0","0",0
"DRT","34",2020-08-20,"Propios","1218","4","13","0","0","2","0","13","2","43","0","0","0",0
"DRT","34",2020-08-20,"Contratistas","4710","4","14","2","0","2","2","11","3","25","0","0","0",2
"DRT","34",2020-08-21,"Propios","1218","4","13","0","0","0","0","22","10","19","0","0","0",0
"DRT","34",2020-08-21,"Contratistas","4710","5","15","1","0","3","1","38","6","35","0","0","0",1
"DRT","34",2020-08-22,"Propios","1218","4","13","0","0","0","0","18","1","26","0","0","0",0
"DRT","34",2020-08-22,"Contratistas","4710","6","15","1","0","3","1","34","4","48","0","0","0",1
"DRT","34",2020-08-23,"Propios","1218","4","12","0","0","0","0","21","0","27","0","0","0",0
"DRT","34",2020-08-23,"Contratistas","4710","6","14","0","0","3","0","32","4","53","1","0","0",0
"DSAL","34",2020-08-17,"Propios",NA,"18","0","1","0","0","0","0","0","45","0","0",NA,1
"DSAL","34",2020-08-17,"Contratistas",NA,"2","0","0","0","2","1","0","0","71","0","0",NA,0
"DSAL","34",2020-08-18,"Propios",NA,"19","0","0","0","0","1","0","0","100","1","0",NA,0
"DSAL","34",2020-08-18,"Contratistas",NA,"2","0","0","0","1","0","676","1","50","0","0",NA,0
"DSAL","34",2020-08-19,"Propios",NA,"19","0","0","0","0","0","0","0","124","0","0",NA,0
"DSAL","34",2020-08-19,"Contratistas",NA,"2","0","0","0","1","0","103","0","40","1","0",NA,0
"DSAL","34",2020-08-20,"Propios",NA,"19","0","0","0","0","0","0","0","11","0","0",NA,0
"DSAL","34",2020-08-20,"Contratistas",NA,"2","0","0","0","1","0","81","0","70","2","0",NA,0
"DSAL","34",2020-08-21,"Propios",NA,"19","0","0","0","2","0","0","0","164","0","0",NA,0
"DSAL","34",2020-08-21,"Contratistas",NA,"2","0","0","0","0","0","79","0","48","0","0",NA,0
"DSAL","34",2020-08-22,"Propios",NA,"19","0","0","0","1","0","1","0","232","0","0",NA,0
"DSAL","34",2020-08-22,"Contratistas",NA,"2","0","0","0","0","0","55","1","41","0","0",NA,0
"DSAL","34",2020-08-23,"Propios",NA,"4","0","2","0","2","2","0",NA,"304","0","0",NA,2
"DSAL","34",2020-08-23,"Contratistas",NA,"3","0","2","0","2","2","7",NA,"42","0","0",NA,2
"DVEN","34",2020-08-17,"Propios","852","0","6","0","0","0","0","0","0","28","0","0","0",0
"DVEN","34",2020-08-17,"Contratistas","1085","0","7","0","0","0","0","0","0","97","0","0","0",0
"DVEN","34",2020-08-18,"Propios","852","1","5","0","1","3","1","0","0","62","1","1","0",1
"DVEN","34",2020-08-18,"Contratistas","1085","0","7","0","0","0","0","0","0","65","0","0","0",0
"DVEN","34",2020-08-19,"Propios","852","1","5","0","0","0","0","0","0","43","0","0","0",0
"DVEN","34",2020-08-19,"Contratistas","1085","0","7","0","0","0","0","0","0","104","0","0","0",0
"DVEN","34",2020-08-20,"Propios","852","1","5","0","0","0","0","0","0","96","0","0","0",0
"DVEN","34",2020-08-20,"Contratistas","1085","0","7","0","0","0","0","0","0","64","0","0","0",0
"DVEN","34",2020-08-21,"Propios","852","1","5","0","0","0","0","0","0","67","0","0","0",0
"DVEN","34",2020-08-21,"Contratistas","1085","0","7","0","0","0","0","0","0","78","0","0","0",0
"DVEN","34",2020-08-22,"Propios","852","1","5","0","0","0","0","0","0","88","0","0","0",0
"DVEN","34",2020-08-22,"Contratistas","1085","0","5","0","0","0","0","0","0","52","0","0","0",0
"DVEN","34",2020-08-23,"Propios","852","1","5","0","0","0","0","0","0","0","0","0","0",0
"DVEN","34",2020-08-23,"Contratistas","1085","0","5","0","0","0","0","0","0","0","0","0","0",0
"VP","34",2020-08-17,"Propios","28","0","1","0","0","0","0","0","0","54","0","0","0",0
"VP","34",2020-08-17,"Contratistas","252","17","62","1","0","49","1","0","0","375","1","1","1",1
"VP","34",2020-08-18,"Propios","19","0","1","0","0","0","0","0","0","5","0","0","0",0
"VP","34",2020-08-18,"Contratistas","469","15","64","1","1","38","2","4","0","371","0","0","0",2
"VP","34",2020-08-19,"Propios","19","0","1","0","0","33","0","0","0","21","0","0","0",0
"VP","34",2020-08-19,"Contratistas","433","15","62","1","1","16","2","0","0","321","0","0","0",2
"VP","34",2020-08-20,"Propios","19","0","1","0","0","0","0","0","0","10","0","0","0",0
"VP","34",2020-08-20,"Contratistas","223","13","60","0","1","68","1","0","0","217","0","0","0",1
"VP","34",2020-08-21,"Propios","16","0","1","0","0","0","0","0","0","0","0","0","0",0
"VP","34",2020-08-21,"Contratistas","318","12","59","1","1","7","2","0","0","48","0","0","1",2
"VP","34",2020-08-22,"Propios","7","0","1","0","0","0","0","0","0","1","0","0","0",0
"VP","34",2020-08-22,"Contratistas","449.5","12","58","0","0","2","0","0","0","196","1","0","0",0
"VP","34",2020-08-23,"Propios","8.5","0","1","0","0","0","0","0","0","0","0","0","0",0
"VP","34",2020-08-23,"Contratistas","531.4","11","59","1","1","40","2","0","0","215","0","0","0",2
"CM","35",2020-08-24,"Propios","537","0","0","0","0","0","0","0","0","0","0","0","0",0
"CM","35",2020-08-24,"Contratistas","193","0","0","0","0","0","0","0","0","0","0","0","0",0
"CM","35",2020-08-25,"Propios","537","0","0","0","0","0","0","0","0","0","0","0","0",0
"CM","35",2020-08-25,"Contratistas","193","0","0","0","0","0","0","0","0","0","0","0","0",0
"CM","35",2020-08-26,"Propios","537","0","0","0","0","0","0","0","0","0","0","0","0",0
"CM","35",2020-08-26,"Contratistas","193","0","0","0","0","0","0","0","0","0","0","0","0",0
"CM","35",2020-08-27,"Propios","537","0","0","0","0","0","0","0","0","10","0","0","0",0
"CM","35",2020-08-27,"Contratistas","193","0","0","0","0","0","0","0","0","28","0","0","0",0
"CM","35",2020-08-28,"Propios","537","0","0","0","0","0","0","0","0","0","0","0","0",0
"CM","35",2020-08-28,"Contratistas","193","0","0","0","0","0","0","0","0","0","0","0","0",0
"CM","35",2020-08-29,"Propios","537","0","0","0","0","0","0","0","0","0","0","0","0",0
"CM","35",2020-08-29,"Contratistas","193","0","0","0","0","0","0","0","0","0","0","0","0",0
"CM","35",2020-08-30,"Propios","537","0","0","0","0","0","0","0","0","0","0","0","0",0
"CM","35",2020-08-30,"Contratistas","193","0","0","0","0","0","0","0","0","0","0","0","0",0
"DAND","35",2020-08-24,"Propios","1450","1","4","0","0","0","0","0","0","255","0","0","0",0
"DAND","35",2020-08-24,"Contratistas","4500","3","4","1","0","0","0","8","0","538","0","0","0",1
"DAND","35",2020-08-25,"Propios","1450","1","3","0","0","1","0","0","0","14","0","0","0",0
"DAND","35",2020-08-25,"Contratistas","4500","3","4","0","0","2","0","11","0","450","0","0","0",0
"DAND","35",2020-08-26,"Propios","1450","1","3","0","0","0","0","1","0","212","0","0","0",0
"DAND","35",2020-08-26,"Contratistas","4500","3","3","0","0","0","0","47","0","416","0","0","0",0
"DAND","35",2020-08-27,"Propios","1450","1","3","0","0","2","0","0","0","13","0","0","0",0
"DAND","35",2020-08-27,"Contratistas","4500","3","3","0","0","0","0","2","0","267","0","0","0",0
"DAND","35",2020-08-28,"Propios","1450","1","3","0","0","0","0","0","0","210","0","0","0",0
"DAND","35",2020-08-28,"Contratistas","4500","3","3","0","0","1","0","3","0","181","0","0","0",0
"DAND","35",2020-08-29,"Propios","1450","1","3","0","0","0","0","0","0","5","0","0","0",0
"DAND","35",2020-08-29,"Contratistas","4500","3","3","0","0","1","0","3","0","67","0","0","0",0
"DAND","35",2020-08-30,"Propios","1450","1","3","0","0","1","0","0","0","262","0","0","0",0
"DAND","35",2020-08-30,"Contratistas","4500","5","5","0","2","2","2","7","0","341","0","0","0",2
"DCH","35",2020-08-24,"Propios","1862","28","45","0","2","30","2","0","0","201","0","0",NA,2
"DCH","35",2020-08-24,"Contratistas","3423","5","13","0","0","0","0","0","0","26","0","0",NA,0
"DCH","35",2020-08-25,"Propios","1915","27","37","0","1","109","1","0","0","296","1","1",NA,1
"DCH","35",2020-08-25,"Contratistas","3330","9","17","2","2","4","0","0","0","58","0","0",NA,4
"DCH","35",2020-08-26,"Propios","1731","22","35","0","1","12","1","0","0","118","0","0",NA,1
"DCH","35",2020-08-26,"Contratistas","3424","9","15","1","1","6","0","0","0","335","1","0",NA,2
"DCH","35",2020-08-27,"Propios","1724","19","24","0","0","30","0","0","0","113","0","0",NA,0
"DCH","35",2020-08-27,"Contratistas","3508","9","12","0","2","9","2","0","0","331","0","0",NA,2
"DCH","35",2020-08-28,"Propios","1306","8","23","0","0","72","0","0","0","39","0","0",NA,0
"DCH","35",2020-08-28,"Contratistas","2933","15","19","2","5","27","4","0","0","215","0","0",NA,7
"DCH","35",2020-08-29,"Propios","1287","7","21","0","0","96","0","0","0","91","0","0",NA,0
"DCH","35",2020-08-29,"Contratistas","1829","18","21","3","0","30","1","0","0","275","0","0",NA,3
"DCH","35",2020-08-30,"Propios","1361","9","24","0","3","184","3","0","0","70","0","0",NA,3
"DCH","35",2020-08-30,"Contratistas","1678","19","22","1","0","20","0","0","0","24","0","0",NA,1
"DET","35",2020-08-24,"Propios","2139","16","31","0","0","2","0","0","0","511","0","0",NA,0
"DET","35",2020-08-24,"Contratistas","5321","18","28","0","0","2","0","0","0","372","0","0",NA,0
"DET","35",2020-08-25,"Propios","2019","15","30","0","0","1","0","0","0","339","1","1",NA,0
"DET","35",2020-08-25,"Contratistas","5458","18","28","0","0","5","0","0","0","480","2","2",NA,0
"DET","35",2020-08-26,"Propios","1967","15","30","0","0","0","0","0","0","234","1","1",NA,0
"DET","35",2020-08-26,"Contratistas","5479","16","26","0","0","5","0","0","0","574","3","2",NA,0
"DET","35",2020-08-27,"Propios","1923","15","30","0","0","2","0","0","0","223","1","0",NA,0
"DET","35",2020-08-27,"Contratistas","5380","16","26","1","1","7","2","0","0","337","1","1",NA,2
"DET","35",2020-08-28,"Propios","1861","17","31","1","1","5","2","0","0","319","0","0",NA,2
"DET","35",2020-08-28,"Contratistas","5140","17","27","0","3","6","3","0","0","471","0","0",NA,3
"DET","35",2020-08-29,"Propios","1169","17","31","0","0","0","0","0","0","222","0","0",NA,0
"DET","35",2020-08-29,"Contratistas","2918","17","27","0","0","3","0","0","0","328","0","0",NA,0
"DET","35",2020-08-30,"Propios","1222","16","29","0","0","2","0","0","0","322","0","0",NA,0
"DET","35",2020-08-30,"Contratistas","2523","17","27","0","0","7","0","0","0","346","0","0",NA,0
"DGM","35",2020-08-24,"Propios","151","0","1","0","0","0","0","0","0","27","0","0","0",0
"DGM","35",2020-08-24,"Contratistas","1138","4","23","0","0","1","0","1","0","137","1","0","0",0
"DGM","35",2020-08-25,"Propios","156","0","1","0","0","0","0","39","0","41","0","0","0",0
"DGM","35",2020-08-25,"Contratistas","1123","3","21","0","0","3","0","10","0","84","0","0","0",0
"DGM","35",2020-08-26,"Propios","149","0","1","0","0","0","0","8","1","55","0","0","0",0
"DGM","35",2020-08-26,"Contratistas","1155","3","18","0","0","1","0","8","0","169","0","0","0",0
"DGM","35",2020-08-27,"Propios","138","0","1","0","0","0","0","1","0","27","0","0","0",0
"DGM","35",2020-08-27,"Contratistas","1148","2","17","0","0","1","0","2","0","103","0","0","0",0
"DGM","35",2020-08-28,"Propios","145","0","1","0","0","0","0","0","0","5","0","0","0",0
"DGM","35",2020-08-28,"Contratistas","1056","3","18","0","1","5","1","3","3","131","1","0","0",1
"DGM","35",2020-08-29,"Propios","129","0","1","0","0","0","0","2","0","123","0","0","0",0
"DGM","35",2020-08-29,"Contratistas","888","3","16","0","0","0","0","0","0","15","0","0","0",0
"DGM","35",2020-08-30,"Propios","120","0","1","0","0","0","0","1","0","0","0","0","0",0
"DGM","35",2020-08-30,"Contratistas","959","3","18","2","0","1","2","6","6","77","0","0","0",2
"DMH","35",2020-08-24,"Propios","668","1","4","0","0","0","0","43","6","132","0","0","0",0
"DMH","35",2020-08-24,"Contratistas","2520","19","44","2","0","1","0","5","5","137","0","0","0",2
"DMH","35",2020-08-25,"Propios","668","1","4","0","0","0","0","33","7","51","0","0","0",0
"DMH","35",2020-08-25,"Contratistas","2520","18","46","2","0","3","3","39","22","286","3","3","0",2
"DMH","35",2020-08-26,"Propios","668","1","4","0","0","0","0","2","2","8","0","0","0",0
"DMH","35",2020-08-26,"Contratistas","2520","16","49","3","0","1","1","6","5","279","0","0","0",3
"DMH","35",2020-08-27,"Propios","668","1","4","0","0","0","0","67","7","56","0","0","0",0
"DMH","35",2020-08-27,"Contratistas","2520","14","50","1","0","1","1","5","4","119","1","1","0",1
"DMH","35",2020-08-28,"Propios","668","1","4","0","0","1","1","14","0","50","1","1","0",0
"DMH","35",2020-08-28,"Contratistas","2520","16","52","1","1","0","0","1","0","46","0","0","0",2
"DMH","35",2020-08-29,"Propios","668","2","5","0","1","0","0","42","4","12","0","0","0",1
"DMH","35",2020-08-29,"Contratistas","2520","16","52","0","0","1","0","1","1","35","0","0","0",0
"DMH","35",2020-08-30,"Propios","668","2","5","0","0","0","0","22","4","89","0","0","0",0
"DMH","35",2020-08-30,"Contratistas","2520","16","52","0","0","0","0","3","1","6","0","0","0",0
"DRT","35",2020-08-24,"Propios","1218","4","12","0","0","1","0","29","1","29","0","0","0",0
"DRT","35",2020-08-24,"Contratistas","4710","7","15","1","0","2","1","60","2","58","0","0","0",1
"DRT","35",2020-08-25,"Propios","1218","4","12","0","0","0","0","20","0","23","0","0","0",0
"DRT","35",2020-08-25,"Contratistas","4710","7","16","2","0","4","2","54","8","57","0","0","0",2
"DRT","35",2020-08-26,"Propios","1218","3","11","0","0","2","0","39","0","50","0","0","0",0
"DRT","35",2020-08-26,"Contratistas","4710","8","16","0","1","2","1","39","3","61","0","0","0",1
"DRT","35",2020-08-27,"Propios","1218","2","10","1","0","2","1","49","0","46","0","0","0",1
"DRT","35",2020-08-27,"Contratistas","4710","8","16","1","0","2","1","40","8","34","2","0","0",1
"DRT","35",2020-08-28,"Propios","1218","2","10","0","0","1","0","48","3","48","0","0","0",0
"DRT","35",2020-08-28,"Contratistas","4710","7","17","0","0","3","0","33","6","31","0","0","0",0
"DRT","35",2020-08-29,"Propios","1218","2","10","0","0","0","0","41","6","42","2","0","0",0
"DRT","35",2020-08-29,"Contratistas","4710","8","17","1","0","1","1","30","6","27","0","0","0",1
"DRT","35",2020-08-30,"Propios","1218","2","8","0","0","2","0","43","6","42","1","0","0",0
"DRT","35",2020-08-30,"Contratistas","4710","8","18","1","0","1","1","37","4","37","0","0","0",1
"DSAL","35",2020-08-24,"Propios",NA,"4","0","0","0","1","0","0","0","24","0",NA,NA,0
"DSAL","35",2020-08-24,"Contratistas",NA,"4","0","1","0","2","1","643","3","30","0",NA,NA,1
"DSAL","35",2020-08-25,"Propios",NA,"4","0","1","0","2","0","0","0","7","0",NA,NA,1
"DSAL","35",2020-08-25,"Contratistas",NA,"4","0","1","0","0","1","0","0","6","0",NA,NA,1
"DSAL","35",2020-08-26,"Propios",NA,"4","0","0","0","0","1","0","0","14","0",NA,NA,0
"DSAL","35",2020-08-26,"Contratistas",NA,"4","0","0","0","0","0","413","0","123","0",NA,NA,0
"DSAL","35",2020-08-27,"Propios",NA,"5","0","0","1","1","1","0","0","0","0",NA,NA,1
"DSAL","35",2020-08-27,"Contratistas",NA,"4","0","0","0","1","1","122","1","60","0",NA,NA,0
"DSAL","35",2020-08-28,"Propios",NA,"5","0","0","1","0","0","0","0","34","0",NA,NA,1
"DSAL","35",2020-08-28,"Contratistas",NA,"6","0","1","0","1","0","28","0","46","0",NA,NA,1
"DSAL","35",2020-08-29,"Propios",NA,"5","0","0","0","0","0","0","0","152","0",NA,NA,0
"DSAL","35",2020-08-29,"Contratistas",NA,"6","0","0","0","0","1","163","0","120","0",NA,NA,0
"DSAL","35",2020-08-30,"Propios",NA,"1","0","0","0","0","0","0","0","122","0",NA,NA,0
"DSAL","35",2020-08-30,"Contratistas",NA,"1","0","0","0","1","0","0","0","79","0",NA,NA,0
"DVEN","35",2020-08-24,"Propios","852","1","5","0","0","0","0","0","0","104","0","0","0",0
"DVEN","35",2020-08-24,"Contratistas","1085","0","4","0","0","0","0","0","0","77","0","0","0",0
"DVEN","35",2020-08-25,"Propios","852","1","5","0","0","1","0","0","0","67","1","1","0",0
"DVEN","35",2020-08-25,"Contratistas","1085","0","4","0","0","0","0","0","0","81","0","0","0",0
"DVEN","35",2020-08-26,"Propios","852","1","5","0","0","0","0","0","0","86","0","0","0",0
"DVEN","35",2020-08-26,"Contratistas","1085","0","4","0","0","0","0","0","0","82","0","0","0",0
"DVEN","35",2020-08-27,"Propios","852","1","5","0","0","1","0","0","0","40","0","0","0",0
"DVEN","35",2020-08-27,"Contratistas","1085","1","2","0","1","1","1","0","0","134","1","1","0",1
"DVEN","35",2020-08-28,"Propios","852","1","5","0","0","1","0","0","0","103","0","0","0",0
"DVEN","35",2020-08-28,"Contratistas","1085","1","2","0","0","0","0","0","0","106","0","0","0",0
"DVEN","35",2020-08-29,"Propios","852","2","6","0","1","1","1","0","0","10","0","0","0",1
"DVEN","35",2020-08-29,"Contratistas","1085","1","2","0","0","0","0","0","0","1","0","0","0",0
"DVEN","35",2020-08-30,"Propios","852","1","6","0","0","0","0","0","0","95","0","0","0",0
"DVEN","35",2020-08-30,"Contratistas","1085","1","2","0","0","0","0","0","0","73","0","0","0",0
"VP","35",2020-08-24,"Propios","19","0","1","0","0","0","0","0","0","52","0","0","0",0
"VP","35",2020-08-24,"Contratistas","512","11","59","1","0","4","1","0","0","236","0","0","0",1
"VP","35",2020-08-25,"Propios","18","0","1","0","0","0","0","0","0","15","0","0","0",0
"VP","35",2020-08-25,"Contratistas","461","12","59","0","2","3","2","0","0","352","1","1","0",2
"VP","35",2020-08-26,"Propios","20","0","1","0","0","0","0","0","0","171","0","0","0",0
"VP","35",2020-08-26,"Contratistas","485","11","54","0","0","5","0","1","0","2572","0","0","0",0
"VP","35",2020-08-27,"Propios","20","0","1","0","0","0","0","0","0","13","0","0","0",0
"VP","35",2020-08-27,"Contratistas","484","14","55","0","3","9","3","2","2","420","1","1","1",3
"VP","35",2020-08-28,"Propios","18","0","1","0","0","1","0","0","0","1","0","0","0",0
"VP","35",2020-08-28,"Contratistas","475","14","53","0","0","1","0","0","0","197","0","0","0",0
"VP","35",2020-08-29,"Propios","14","0","1","0","0","0","0","0","0","0","0","0","0",0
"VP","35",2020-08-29,"Contratistas","442","16","53","1","1","6","2","3","0","137","0","0","0",2
"VP","35",2020-08-30,"Propios","14","0","1","0","0","2","0","0","0","3","0",NA,"0",0
"VP","35",2020-08-30,"Contratistas","464","18","55","0","2","172","2","73","0","324","1","pdte","0",2
"CM","36",2020-08-31,"Propios","537","0","0","0","0","0","0","0","0","0","0","0","0",0
"CM","36",2020-08-31,"Contratistas","193","0","0","0","0","0","0","0","0","0","0","0","0",0
"CM","36",2020-09-01,"Propios","537","0","0","0","0","0","0","0","0","0","0","0","0",0
"CM","36",2020-09-01,"Contratistas","193","0","0","0","0","0","0","0","0","0","0","0","0",0
"CM","36",2020-09-02,"Propios","537","0","0","0","0","0","0","0","0","0","0","0","0",0
"CM","36",2020-09-02,"Contratistas","193","0","0","0","0","0","0","0","0","0","0","0","0",0
"CM","36",2020-09-03,"Propios","537","0","0","0","0","0","0","0","0","10","0","0","0",0
"CM","36",2020-09-03,"Contratistas","193","0","0","0","0","0","0","0","0","28","0","0","0",0
"CM","36",2020-09-04,"Propios","537","0","0","0","0","0","0","0","0","0","0","0","0",0
"CM","36",2020-09-04,"Contratistas","193","1","1","1","0","1","1","0","0","0","0","0","0",1
"CM","36",2020-09-05,"Propios","537","0","0","0","0","0","0","0","0","0","0","0","0",0
"CM","36",2020-09-05,"Contratistas","193","1","1","0","0","0","0","0","0","0","0","0","0",0
"CM","36",2020-09-06,"Propios","537","0","0","0","0","0","0","0","0","0","0","0","0",0
"CM","36",2020-09-06,"Contratistas","193","1","1","0","0","0","0","0","0","0","0","0","0",0
"DCH","36",2020-08-31,"Propios","1847","9","23","0","0","202","0","0","0","0","0","0",NA,0
"DCH","36",2020-08-31,"Contratistas","3505","22","24","3","0","1","0","0","0","76","0","0",NA,3
"DCH","36",2020-09-01,"Propios","1994","9","23","0","1","288","1","0","0","101","0","0",NA,1
"DCH","36",2020-09-01,"Contratistas","3621","24","23","0","2","32","2","0","0","396","0","0",NA,2
"DCH","36",2020-09-02,"Propios","1776","8","24","0","0","125","0","0","0","61","0","0",NA,0
"DCH","36",2020-09-02,"Contratistas","3449","24","23","0","1","1","0","0","0","333","0","0",NA,1
"DCH","36",2020-09-03,"Propios","1726","11","23","3","0","106","3","0","0","2","0","0",NA,3
"DCH","36",2020-09-03,"Contratistas","3547","24","26","0","2","17","2","0","0","164","0","0",NA,2
"DCH","36",2020-09-04,"Propios","1289","11","22","0","0","141","0","0","0","7","0","0",NA,0
"DCH","36",2020-09-04,"Contratistas","2702","20","26","0","1","23","1","0","0","168","0","0",NA,1
"DCH","36",2020-09-05,"Propios","1238","14","22","0","4","143","4","0","0","15","0","0",NA,4
"DCH","36",2020-09-05,"Contratistas","1809","21","30","0","2","6","0","0","0","9","0","0",NA,2
"DCH","36",2020-09-06,"Propios","1238","16","23","0","2","244","2","0","0","38","0","0",NA,2
"DCH","36",2020-09-06,"Contratistas","1809","20","30","0","1","19","1","0","0","26","0","0",NA,1
"DMH","36",2020-08-31,"Propios","668","2","5","0","0","0","0","57","0","114","0","0","0",0
"DMH","36",2020-08-31,"Contratistas","2520","15","53","1","0","0","0","2","0","201","0","0","0",1
"DMH","36",2020-09-01,"Propios","668","2","5","0","0","0","0","11","0","26","0","0","0",0
"DMH","36",2020-09-01,"Contratistas","2520","13","53","0","0","0","0","19","17","279","0","0","0",0
"DMH","36",2020-09-02,"Propios","668","2","5","0","0","0","0","60","2","52","0","0","0",0
"DMH","36",2020-09-02,"Contratistas","2520","11","44","0","0","0","0","7","1","326","0","0","0",0
"DMH","36",2020-09-03,"Propios","668","2","5","0","0","0","0","31","5","54","0","0","0",0
"DMH","36",2020-09-03,"Contratistas","2520","9","43","0","0","0","0","6","1","95","0","0","0",0
"DMH","36",2020-09-04,"Propios","668","1","5","0","0","0","0","15","0","9","0","0","0",0
"DMH","36",2020-09-04,"Contratistas","2520","11","44","0","1","0","0","13","4","81","0","0","0",1
"DMH","36",2020-09-05,"Propios","668","1","5","0","0","0","0","50","3","78","0","0","0",0
"DMH","36",2020-09-05,"Contratistas","2520","10","44","0","0","0","0","3","2","55","0","0","0",0
"DMH","36",2020-09-06,"Propios","668","1","5","0","0","0","0","16","1","43","0","0","0",0
"DMH","36",2020-09-06,"Contratistas","2520","8","44","0","0","0","0","1","0","25","0","0","0",0
"DRT","36",2020-08-31,"Propios","1218.0","1.0","8.0","0.0","0.0","0","0","46.0","8.0","49.0","0.0","0.0","0.0",0
"DRT","36",2020-08-31,"Contratistas","4710.0","7.0","17.0","0.0","0.0","2","1","54.0","6.0","65.0","0.0","0.0","0.0",0
"DRT","36",NA,"Propios","1218.0","1.0","8.0","0.0","0.0","0","0","25.0","4.0","58.0","1.0","1.0","0.0",0
"DRT","36",NA,"Contratistas","4710.0","7.0","17.0","1.0","0.0","2","1","40.0","7.0","76.0","0.0","0.0","0.0",1
"DRT","36",NA,"Propios","1218.0","1.0","8.0","0.0","0.0","0","0","32.0","1.0","45.0","0.0","0.0","0.0",0
"DRT","36",NA,"Contratistas","4710.0","6.0","17.0","0.0","0.0","0","0","60.0","6.0","82.0","0.0","0.0","0.0",0
"DRT","36",NA,"Propios","1218.0","11.0","4.0","2.0","1.0","3","3","34.0","3.0","43.0","1.0","1.0","0.0",3
"DRT","36",NA,"Contratistas","4710.0","17.0","3.0","0.0","0.0","4","0","76.0","9.0","83.0","0.0","0.0","0.0",0
"DRT","36",NA,"Propios","1218.0","12.0","5.0","0.0","1.0","1","1","31.0","5.0","46.0","0.0","0.0","0.0",1
"DRT","36",NA,"Contratistas","4710.0","14.0","3.0","0.0","0.0","0","0","65.0","2.0","99.0","0.0","0.0","0.0",0
"DRT","36",NA,"Propios","1218.0","13.0","6.0","0.0","1.0","1","1","63.0","3.0","52.0","0.0","0.0","0.0",1
"DRT","36",NA,"Contratistas","4710.0","12.0","2.0","0.0","0.0","0","0","104.0","2.0","104.0","1.0","0.0","0.0",0
"DRT","36",NA,"Propios","1218.0","14.0","6.0","0.0","1.0","1","1","28.0","3.0","39.0","0.0","0.0","0.0",1
"DRT","36",NA,"Contratistas","4710.0","10.0","2.0","0.0","0.0","1","0","97.0","0.0","96.0","0.0","0.0","0.0",0
"DVEN","36",2020-08-31,"Propios","851","1","4","0","0","0","0","0","0","39","0","0","0",0
"DVEN","36",2020-08-31,"Contratistas","1037","1","2","0","0","0","0","0","0","104","0","0","0",0
"DVEN","36",2020-09-01,"Propios","851","1","4","0","0","1","1","0","0","102","0","0","0",0
"DVEN","36",2020-09-01,"Contratistas","1037","2","2","0","1","0","0","0","0","68","0","0","0",1
"DVEN","36",2020-09-02,"Propios","851","1","4","0","0","0","0","0","0","41","0","0","0",0
"DVEN","36",2020-09-02,"Contratistas","1037","2","2","0","0","0","0","0","0","91","0","0","0",0
"DVEN","36",2020-09-03,"Propios","851","2","4","1","0","1","1","0","0","82","0","0","0",1
"DVEN","36",2020-09-03,"Contratistas","1037","2","2","0","0","1","0","0","0","122","0","0","0",0
"DVEN","36",2020-09-04,"Propios","851","2","4","0","0","0","0","0","0","69","0","0","0",0
"DVEN","36",2020-09-04,"Contratistas","1037","2","2","0","0","0","0","0","0","106","0","0","0",0
"DVEN","36",2020-09-05,"Propios","851","2","4","0","0","0","0","0","0","110","0","0","0",0
"DVEN","36",2020-09-05,"Contratistas","1037","2","2","0","0","0","0","0","0","43","0","0","0",0
"DVEN","36",2020-09-06,"Propios","851","1","4","0","0","0","0","0","0","4","0","0","0",0
"DVEN","36",2020-09-06,"Contratistas","1037","2","2","0","0","0","0","0","0","14","0","0","0",0
"VP","36",2020-08-31,"Propios","22","0","1","0","0","0","0","0","0","58","0","0","0",0
"VP","36",2020-08-31,"Contratistas","405","17","54","1","0","3","1","0","0","400","3","1","1",1
"VP","36",2020-09-01,"Propios","22","0","1","0","0","0","0","0","0","13","0","0","0",0
"VP","36",2020-09-01,"Contratistas","431","16","54","0","2","9","2","0","0","488","2","1","0",2
"VP","36",2020-09-02,"Propios","16","0","1","0","0","0","0","0","0","24","0","0","0",0
"VP","36",2020-09-02,"Contratistas","509","17","52","1","1","4","2","0","0","423","1","0","0",2
"VP","36",2020-09-03,"Propios","16","1","2","0","1","1","1","0","0","4","0",NA,"0",1
"VP","36",2020-09-03,"Contratistas","571","16","38","0","2","10","2","0","0","72","4","2","0",2
"VP","36",2020-09-04,"Propios","15","1","2","0","0","0","0","0","0","3","0","0","0",0
"VP","36",2020-09-04,"Contratistas","492","16","39","0","1","4","1","0","0","573","7","1","0",1
"VP","36",2020-09-05,"Propios","11","1","2","0","0","0","0","0","0","1","0",NA,"0",0
"VP","36",2020-09-05,"Contratistas","441","17","41","0","2","3","2","0","0","877","4","pdte","0",2
"VP","36",2020-09-06,"Propios","11","1","2","0","0","28",NA,"0","0","4","0","0","0",0
"VP","36",2020-09-06,"Contratistas","461","19","43","1","1","129","2","29","0","220","3","pdte","0",2
